GDAY_DS,T_ID,HEADER_NO,INN2,R,ER,PA,AB,HIT,H2,H3,HR,BB,IB,HP,KK,BF,WHIP,TB_SC,WLS
20200721,HH,0,27.0,10.0,9.0,50.0,41.0,16.0,2.0,0.0,2.0,8.0,0.0,1.0,8.0,222.0,10.28,B,L
20200721,HT,0,24.0,2.0,2.0,29.0,26.0,3.0,0.0,0.0,1.0,2.0,0.0,1.0,6.0,122.0,3.66,T,W
20200721,KT,0,27.0,9.0,9.0,44.0,38.0,13.0,4.0,0.0,2.0,6.0,0.0,0.0,7.0,168.0,8.85,B,W
20200721,LG,0,24.0,10.0,10.0,39.0,34.0,12.0,0.0,0.0,3.0,4.0,0.0,0.0,7.0,150.0,9.72,T,L
20200721,LT,0,25.0,8.0,8.0,40.0,34.0,13.0,1.0,0.0,3.0,4.0,0.0,0.0,6.0,166.0,9.26,T,L
20200721,NC,0,30.0,5.0,5.0,41.0,36.0,9.0,0.0,0.0,1.0,4.0,0.0,0.0,7.0,182.0,10.8,B,W
20200721,OB,0,27.0,1.0,1.0,36.0,35.0,9.0,1.0,0.0,0.0,1.0,0.0,0.0,9.0,143.0,7.930000000000001,B,W
20200721,SK,0,27.0,7.0,7.0,40.0,35.0,10.0,1.0,0.0,1.0,5.0,0.0,0.0,4.0,161.0,7.46,B,W
20200721,SS,0,28.0,6.0,6.0,42.0,38.0,13.0,3.0,0.0,3.0,2.0,1.0,1.0,7.0,162.0,8.08,T,L
20200721,WO,0,24.0,6.0,6.0,32.0,31.0,7.0,2.0,1.0,1.0,1.0,0.0,0.0,6.0,121.0,3.9899999999999998,T,L
20200722,HH,0,27.0,2.0,2.0,37.0,30.0,5.0,0.0,0.0,0.0,3.0,0.0,1.0,10.0,148.0,4.93,B,L
20200722,HT,0,27.0,1.0,1.0,35.0,29.0,4.0,1.0,0.0,0.0,5.0,0.0,0.0,14.0,153.0,4.84,T,W
20200724,HH,0,27.0,7.0,7.0,40.0,34.0,8.0,1.0,0.0,3.0,5.0,0.0,0.0,13.0,164.0,11.42,B,L
20200724,KT,0,27.0,3.0,3.0,37.0,32.0,7.0,2.0,0.0,1.0,3.0,0.0,0.0,11.0,152.0,4.77,B,L
20200724,LG,0,27.0,1.0,1.0,35.0,31.0,8.0,3.0,0.0,0.0,4.0,0.0,0.0,4.0,134.0,11.030000000000001,T,W
20200724,LT,0,27.0,2.0,2.0,34.0,31.0,6.0,2.0,0.0,1.0,2.0,0.0,0.0,12.0,142.0,6.09,T,W
20200724,NC,0,27.0,2.0,1.0,39.0,33.0,6.0,1.0,0.0,1.0,6.0,0.0,0.0,10.0,154.0,3.71,T,W
20200724,OB,0,27.0,8.0,8.0,46.0,40.0,15.0,2.0,1.0,2.0,5.0,1.0,1.0,3.0,170.0,8.2,B,L
20200724,SK,0,27.0,4.0,4.0,36.0,29.0,5.0,0.0,0.0,0.0,7.0,0.0,0.0,11.0,163.0,6.94,T,W
20200724,WO,0,27.0,4.0,4.0,40.0,33.0,9.0,1.0,0.0,0.0,6.0,0.0,0.0,8.0,176.0,7.14,B,L
20200725,HT,0,24.0,2.0,2.0,34.0,29.0,7.0,1.0,0.0,0.0,5.0,0.0,0.0,8.0,157.0,5.8500000000000005,B,W
20200725,KT,0,27.0,2.0,2.0,36.0,31.0,6.0,0.0,0.0,0.0,4.0,0.0,0.0,3.0,150.0,4.699999999999999,B,W
20200725,LG,0,24.0,7.0,7.0,34.0,31.0,10.0,4.0,0.0,1.0,2.0,0.0,0.0,6.0,149.0,4.38,T,L
20200725,LT,0,27.0,3.0,3.0,36.0,27.0,3.0,1.0,0.0,0.0,6.0,0.0,1.0,8.0,145.0,7.6899999999999995,T,W
20200725,NC,0,24.0,6.0,6.0,33.0,29.0,8.0,4.0,0.0,1.0,4.0,0.0,0.0,9.0,141.0,7.35,T,L
20200725,OB,0,27.0,3.0,3.0,36.0,35.0,10.0,3.0,0.0,0.0,1.0,0.0,0.0,8.0,137.0,6.739999999999999,B,W
20200725,SS,0,24.0,8.0,8.0,37.0,31.0,11.0,2.0,0.0,0.0,3.0,1.0,0.0,9.0,164.0,5.01,T,L
20200725,WO,0,27.0,6.0,6.0,40.0,35.0,9.0,2.0,0.0,0.0,3.0,0.0,2.0,11.0,132.0,4.11,B,L
20200726,HH,0,27.0,7.0,7.0,42.0,35.0,10.0,2.0,0.0,0.0,5.0,0.0,2.0,5.0,180.0,12.120000000000001,B,L
20200726,HT,0,27.0,5.0,5.0,43.0,36.0,12.0,4.0,0.0,1.0,4.0,0.0,0.0,4.0,157.0,6.779999999999999,B,W
20200726,KT,0,27.0,4.0,4.0,34.0,32.0,7.0,1.0,0.0,2.0,1.0,0.0,0.0,7.0,123.0,5.74,B,W
20200726,LG,0,27.0,3.0,3.0,40.0,32.0,8.0,2.0,0.0,1.0,6.0,1.0,1.0,5.0,163.0,7.81,T,W
20200726,LT,0,24.0,8.0,8.0,40.0,35.0,13.0,4.0,0.0,0.0,4.0,1.0,1.0,5.0,150.0,7.95,T,L
20200726,NC,0,24.0,5.0,3.0,36.0,34.0,8.0,0.0,0.0,3.0,2.0,0.0,0.0,8.0,138.0,2.37,T,L
20200726,OB,0,27.0,4.0,2.0,36.0,33.0,7.0,0.0,1.0,0.0,2.0,0.0,0.0,8.0,139.0,6.120000000000001,B,L
20200726,SK,0,27.0,4.0,4.0,38.0,34.0,8.0,2.0,0.0,1.0,4.0,0.0,0.0,8.0,174.0,8.02,T,W
20200726,SS,0,24.0,8.0,6.0,41.0,37.0,12.0,2.0,1.0,0.0,3.0,0.0,1.0,5.0,170.0,9.66,T,L
20200726,WO,0,27.0,1.0,0.0,37.0,34.0,8.0,3.0,0.0,0.0,3.0,0.0,0.0,4.0,133.0,8.93,B,W
20200727,HH,0,27.0,5.0,5.0,37.0,32.0,10.0,3.0,0.0,1.0,3.0,0.0,1.0,5.0,138.0,7.62,B,D
20200727,SK,0,27.0,5.0,5.0,35.0,29.0,5.0,3.0,0.0,0.0,5.0,0.0,0.0,5.0,156.0,8.53,T,D
20200728,LG,0,27.0,7.0,7.0,41.0,34.0,8.0,3.0,0.0,2.0,5.0,0.0,2.0,10.0,166.0,8.17,T,W
20200728,LT,0,27.0,9.0,8.0,46.0,42.0,17.0,3.0,0.0,2.0,4.0,0.0,0.0,7.0,185.0,9.129999999999999,B,W
20200728,NC,0,26.0,11.0,11.0,46.0,36.0,14.0,3.0,0.0,2.0,8.0,1.0,0.0,6.0,168.0,9.950000000000001,T,L
20200728,OB,0,27.0,6.0,5.0,43.0,34.0,8.0,2.0,0.0,1.0,5.0,1.0,2.0,6.0,166.0,7.15,B,L
20200728,SK,0,27.0,24.0,24.0,58.0,49.0,23.0,3.0,1.0,6.0,7.0,1.0,2.0,6.0,221.0,11.68,B,L
20200728,WO,0,27.0,2.0,2.0,38.0,36.0,9.0,2.0,0.0,1.0,2.0,0.0,0.0,4.0,130.0,6.1000000000000005,T,W
20200729,HH,0,27.0,7.0,7.0,44.0,34.0,9.0,1.0,0.0,2.0,8.0,0.0,2.0,7.0,195.0,8.94,T,W
20200729,LG,0,27.0,6.0,6.0,44.0,40.0,14.0,1.0,0.0,4.0,3.0,0.0,1.0,5.0,146.0,8.93,T,W
20200729,SK,0,27.0,11.0,11.0,45.0,36.0,13.0,0.0,0.0,3.0,8.0,0.0,1.0,7.0,179.0,8.3,B,L
20200729,SS,0,27.0,12.0,5.0,49.0,44.0,18.0,1.0,0.0,1.0,3.0,0.0,1.0,7.0,181.0,8.89,B,L
20200730,HH,0,32.0,2.0,1.0,46.0,36.0,6.0,2.0,0.0,0.0,7.0,1.0,1.0,12.0,196.0,12.51,T,L
20200730,HT,0,24.0,4.0,4.0,34.0,28.0,11.0,2.0,0.0,0.0,3.0,0.0,1.0,5.0,128.0,4.57,B,L
20200730,KT,0,27.0,1.0,1.0,36.0,33.0,8.0,3.0,0.0,0.0,1.0,0.0,1.0,8.0,136.0,3.25,T,W
20200730,LG,0,27.0,1.0,1.0,34.0,30.0,4.0,3.0,0.0,0.0,3.0,0.0,1.0,8.0,138.0,4.52,T,W
20200730,OB,0,27.0,8.0,8.0,39.0,34.0,13.0,2.0,0.0,1.0,3.0,0.0,1.0,2.0,139.0,8.66,B,L
20200730,SK,0,27.0,9.0,9.0,45.0,39.0,13.0,3.0,0.0,1.0,5.0,0.0,1.0,6.0,187.0,9.83,B,L
20200730,SS,0,33.0,1.0,0.0,43.0,37.0,3.0,0.0,0.0,0.0,4.0,0.0,2.0,12.0,181.0,6.68,B,W
20200730,WO,0,27.0,5.0,5.0,41.0,36.0,10.0,0.0,0.0,2.0,3.0,0.0,1.0,8.0,141.0,7.1499999999999995,T,W
20200731,HH,0,27.0,1.0,1.0,31.0,29.0,4.0,2.0,0.0,0.0,2.0,0.0,0.0,9.0,136.0,2.5700000000000003,T,W
20200731,HT,0,27.0,2.0,1.0,36.0,33.0,6.0,2.0,0.0,0.0,3.0,0.0,0.0,5.0,130.0,2.16,T,W
20200731,KT,0,27.0,1.0,1.0,36.0,31.0,4.0,0.0,0.0,1.0,5.0,0.0,0.0,5.0,148.0,7.24,B,W
20200731,LG,0,27.0,2.0,2.0,37.0,34.0,10.0,1.0,0.0,0.0,2.0,0.0,0.0,4.0,137.0,8.45,B,L
20200731,LT,0,27.0,3.0,2.0,38.0,34.0,8.0,1.0,0.0,0.0,4.0,0.0,0.0,10.0,160.0,3.8099999999999996,B,L
20200731,NC,0,27.0,7.0,7.0,44.0,39.0,14.0,2.0,0.0,1.0,4.0,0.0,0.0,8.0,180.0,6.6,B,W
20200731,OB,0,24.0,10.0,10.0,42.0,37.0,14.0,4.0,0.0,1.0,3.0,0.0,2.0,7.0,184.0,12.149999999999999,T,L
20200731,SK,0,24.0,11.0,11.0,42.0,39.0,16.0,3.0,0.0,4.0,3.0,0.0,0.0,8.0,175.0,8.259999999999998,T,L
20200731,SS,0,27.0,10.0,10.0,42.0,36.0,10.0,2.0,0.0,3.0,6.0,0.0,0.0,7.0,157.0,12.86,B,L
20200731,WO,0,27.0,3.0,3.0,40.0,35.0,8.0,1.0,0.0,0.0,3.0,1.0,2.0,5.0,151.0,10.16,T,W
20200801,HH,0,24.0,9.0,7.0,41.0,39.0,15.0,3.0,0.0,0.0,1.0,0.0,1.0,7.0,161.0,9.299999999999999,T,L
20200801,HT,0,21.0,5.0,4.0,32.0,26.0,8.0,3.0,0.0,1.0,5.0,0.0,0.0,3.0,120.0,4.85,T,L
20200801,KT,0,27.0,0.0,0.0,34.0,32.0,6.0,1.0,0.0,0.0,2.0,0.0,0.0,5.0,135.0,5.1499999999999995,B,W
20200801,LG,0,27.0,6.0,6.0,40.0,34.0,8.0,2.0,0.0,1.0,5.0,0.0,1.0,8.0,167.0,5.970000000000001,B,W
20200801,LT,0,27.0,3.0,3.0,36.0,34.0,9.0,2.0,0.0,1.0,2.0,0.0,0.0,9.0,147.0,5.6899999999999995,B,W
20200801,NC,0,30.0,12.0,11.0,51.0,45.0,17.0,2.0,1.0,0.0,4.0,1.0,0.0,9.0,186.0,10.209999999999999,B,L
20200801,OB,0,30.0,10.0,9.0,52.0,45.0,15.0,4.0,0.0,2.0,7.0,0.0,0.0,8.0,189.0,7.609999999999999,T,W
20200801,SK,0,24.0,11.0,11.0,41.0,36.0,13.0,1.0,1.0,3.0,5.0,0.0,0.0,2.0,135.0,7.9,T,L
20200801,SS,0,27.0,22.0,21.0,62.0,48.0,23.0,7.0,0.0,1.0,11.0,0.0,1.0,6.0,246.0,23.14,B,L
20200801,WO,0,27.0,7.0,6.0,40.0,34.0,8.0,4.0,0.0,0.0,4.0,0.0,2.0,8.0,185.0,7.34,T,W
20200802,HT,0,24.0,8.0,7.0,39.0,34.0,11.0,4.0,0.0,0.0,4.0,0.0,0.0,6.0,161.0,6.07,T,L
20200802,LT,0,27.0,0.0,0.0,32.0,30.0,4.0,2.0,0.0,0.0,2.0,0.0,0.0,10.0,124.0,3.5300000000000002,B,W
20200802,NC,0,36.0,7.0,6.0,51.0,48.0,15.0,5.0,0.0,0.0,2.0,0.0,0.0,8.0,201.0,12.370000000000001,B,L
20200802,OB,0,36.0,4.0,4.0,47.0,42.0,8.0,1.0,0.0,2.0,3.0,0.0,2.0,10.0,182.0,8.4,T,W
20200802,SS,0,30.0,4.0,4.0,41.0,38.0,10.0,2.0,0.0,0.0,2.0,1.0,0.0,4.0,141.0,9.02,B,L
20200802,WO,0,30.0,2.0,2.0,41.0,39.0,10.0,1.0,0.0,1.0,2.0,0.0,0.0,8.0,149.0,4.3,T,W
20200804,HT,0,27.0,15.0,15.0,47.0,41.0,16.0,1.0,2.0,3.0,5.0,0.0,1.0,9.0,184.0,11.98,B,L
20200804,KT,0,27.0,2.0,2.0,38.0,34.0,10.0,0.0,0.0,1.0,3.0,0.0,0.0,7.0,154.0,6.1000000000000005,T,W
20200804,LG,0,27.0,5.0,3.0,40.0,36.0,8.0,1.0,0.0,1.0,4.0,0.0,0.0,10.0,146.0,6.59,T,W
20200804,LT,0,27.0,0.0,0.0,33.0,31.0,6.0,1.0,0.0,0.0,2.0,0.0,0.0,6.0,120.0,4.92,T,W
20200804,OB,0,27.0,6.0,6.0,41.0,34.0,7.0,2.0,0.0,1.0,6.0,1.0,1.0,10.0,166.0,9.780000000000001,B,L
20200804,SK,0,27.0,8.0,8.0,46.0,41.0,15.0,3.0,0.0,1.0,4.0,0.0,1.0,2.0,170.0,9.01,B,L
20200804,SS,0,27.0,3.0,2.0,37.0,36.0,9.0,1.0,0.0,1.0,1.0,0.0,0.0,4.0,138.0,7.140000000000001,T,W
20200804,WO,0,27.0,4.0,4.0,38.0,32.0,11.0,1.0,0.0,0.0,4.0,0.0,0.0,9.0,143.0,8.26,B,L
20200805,HH,0,27.0,5.0,5.0,43.0,30.0,6.0,0.0,1.0,0.0,9.0,1.0,2.0,4.0,164.0,5.36,B,W
20200805,HT,0,24.0,5.0,5.0,36.0,30.0,9.0,2.0,0.0,1.0,5.0,0.0,0.0,10.0,146.0,9.29,B,L
20200805,KT,0,24.0,12.0,7.0,46.0,40.0,15.0,2.0,0.0,1.0,5.0,0.0,1.0,7.0,183.0,7.48,T,L
20200805,LG,0,27.0,4.0,4.0,38.0,35.0,9.0,1.0,0.0,0.0,2.0,0.0,0.0,11.0,151.0,7.180000000000001,T,W
20200805,NC,0,24.0,8.0,7.0,43.0,33.0,12.0,2.0,0.0,1.0,5.0,0.0,2.0,5.0,158.0,7.7700000000000005,T,L
20200805,OB,0,25.0,2.0,1.0,40.0,34.0,12.0,2.0,0.0,0.0,4.0,2.0,0.0,4.0,155.0,6.1,B,D
20200805,SS,0,24.0,2.0,0.0,32.0,28.0,4.0,0.0,0.0,0.0,3.0,0.0,1.0,4.0,130.0,5.15,T,D
20200805,WO,0,27.0,3.0,2.0,36.0,34.0,10.0,1.0,0.0,1.0,1.0,0.0,1.0,3.0,128.0,5.48,B,W
20200806,HH,0,27.0,4.0,4.0,39.0,32.0,8.0,1.0,0.0,2.0,7.0,0.0,0.0,4.0,173.0,8.489999999999998,B,L
20200806,HT,0,27.0,1.0,1.0,30.0,28.0,4.0,0.0,0.0,0.0,1.0,0.0,0.0,7.0,110.0,2.0700000000000003,B,W
20200806,KT,0,24.0,3.0,3.0,35.0,28.0,7.0,2.0,0.0,1.0,5.0,1.0,0.0,4.0,139.0,3.1599999999999997,T,L
20200806,LG,0,24.0,13.0,13.0,42.0,35.0,12.0,3.0,0.0,4.0,6.0,0.0,1.0,8.0,177.0,7.25,T,L
20200806,LT,0,27.0,2.0,2.0,35.0,33.0,8.0,1.0,0.0,1.0,1.0,0.0,0.0,8.0,113.0,2.64,T,W
20200806,NC,0,27.0,1.0,1.0,34.0,29.0,5.0,0.0,0.0,0.0,4.0,0.0,0.0,6.0,154.0,5.78,T,W
20200806,OB,0,27.0,2.0,2.0,40.0,38.0,11.0,0.0,0.0,0.0,2.0,0.0,0.0,7.0,172.0,5.27,B,W
20200806,SK,0,27.0,8.0,6.0,39.0,33.0,6.0,0.0,0.0,2.0,4.0,0.0,2.0,6.0,150.0,13.94,B,L
20200806,SS,0,24.0,5.0,5.0,36.0,31.0,7.0,1.0,1.0,0.0,4.0,0.0,0.0,7.0,140.0,5.5,T,L
20200806,WO,0,27.0,2.0,2.0,34.0,32.0,4.0,1.0,0.0,1.0,2.0,0.0,0.0,9.0,122.0,5.13,B,W
20200807,LG,0,27.0,2.0,2.0,38.0,32.0,6.0,2.0,0.0,0.0,4.0,0.0,1.0,8.0,140.0,5.890000000000001,T,W
20200807,LT,0,27.0,4.0,4.0,38.0,35.0,11.0,1.0,0.0,0.0,1.0,0.0,0.0,2.0,117.0,6.01,T,W
20200807,OB,0,27.0,8.0,5.0,49.0,39.0,12.0,2.0,0.0,2.0,8.0,0.0,1.0,6.0,194.0,9.559999999999999,B,L
20200807,SK,0,27.0,2.0,2.0,36.0,29.0,6.0,1.0,0.0,1.0,4.0,0.0,2.0,7.0,147.0,5.720000000000001,B,L
20200807,SS,0,27.0,0.0,0.0,34.0,32.0,4.0,1.0,0.0,0.0,2.0,0.0,0.0,7.0,142.0,4.09,T,W
20200807,WO,0,27.0,5.0,5.0,39.0,36.0,10.0,0.0,1.0,1.0,2.0,0.0,0.0,10.0,158.0,5.49,B,L
20200808,HT,0,27.0,2.0,2.0,40.0,31.0,6.0,1.0,2.0,0.0,7.0,0.0,2.0,6.0,160.0,9.07,B,W
20200808,LG,0,24.0,5.0,5.0,35.0,32.0,9.0,1.0,0.0,1.0,3.0,0.0,0.0,7.0,132.0,7.529999999999999,T,L
20200808,LT,0,15.0,1.0,1.0,16.0,16.0,3.0,0.0,0.0,1.0,0.0,0.0,0.0,0.0,52.0,1.27,T,D
20200808,NC,0,24.0,3.0,3.0,28.0,28.0,4.0,1.0,0.0,1.0,0.0,0.0,0.0,9.0,122.0,1.7400000000000002,T,L
20200808,OB,0,18.0,1.0,1.0,24.0,22.0,6.0,1.0,0.0,0.0,1.0,0.0,0.0,6.0,88.0,1.09,B,D
20200808,SK,0,15.0,2.0,2.0,19.0,17.0,5.0,1.0,0.0,1.0,1.0,0.0,0.0,1.0,66.0,1.18,B,W
20200808,SS,0,15.0,4.0,2.0,22.0,19.0,3.0,2.0,1.0,0.0,2.0,0.0,1.0,0.0,80.0,1.58,T,L
20200808,WO,0,27.0,1.0,1.0,35.0,32.0,8.0,2.0,0.0,1.0,3.0,0.0,0.0,4.0,128.0,5.22,B,W
20200809,HH,0,27.0,6.0,6.0,42.0,37.0,12.0,5.0,0.0,1.0,5.0,0.0,0.0,9.0,181.0,11.34,B,L
20200809,HT,0,27.0,8.0,8.0,45.0,39.0,14.0,2.0,1.0,1.0,5.0,0.0,1.0,8.0,205.0,8.31,B,L
20200809,KT,0,27.0,3.0,2.0,38.0,34.0,8.0,1.0,0.0,1.0,3.0,0.0,0.0,12.0,170.0,6.0600000000000005,T,W
20200809,LG,0,24.0,2.0,1.0,34.0,28.0,7.0,0.0,0.0,0.0,3.0,0.0,1.0,6.0,130.0,2.32,T,L
20200809,NC,0,27.0,1.0,1.0,41.0,32.0,4.0,0.0,0.0,0.0,9.0,0.0,0.0,7.0,179.0,7.04,T,W
20200809,WO,0,27.0,1.0,1.0,31.0,30.0,4.0,2.0,0.0,1.0,1.0,0.0,0.0,8.0,116.0,4.859999999999999,B,W
20200811,HH,0,36.0,5.0,4.0,56.0,45.0,12.0,1.0,0.0,1.0,7.0,0.0,1.0,13.0,235.0,16.63,T,W
20200811,HT,0,21.0,3.0,3.0,30.0,29.0,8.0,2.0,0.0,0.0,1.0,0.0,0.0,9.0,125.0,6.1899999999999995,T,W
20200811,KT,0,27.0,1.0,0.0,34.0,30.0,4.0,0.0,0.0,0.0,4.0,0.0,0.0,8.0,139.0,4.49,B,W
20200811,LG,0,27.0,8.0,8.0,43.0,35.0,11.0,3.0,0.0,0.0,6.0,0.0,1.0,3.0,172.0,6.1000000000000005,B,L
20200811,OB,0,27.0,1.0,1.0,36.0,34.0,8.0,0.0,0.0,1.0,2.0,0.0,0.0,5.0,151.0,5.81,T,W
20200811,SK,0,24.0,6.0,6.0,38.0,31.0,11.0,2.0,0.0,1.0,6.0,0.0,0.0,8.0,170.0,7.27,T,L
20200811,SS,0,27.0,6.0,6.0,39.0,33.0,9.0,1.0,0.0,1.0,6.0,0.0,0.0,4.0,172.0,9.920000000000002,B,L
20200811,WO,0,36.0,7.0,5.0,55.0,44.0,10.0,1.0,0.0,1.0,6.0,1.0,2.0,10.0,215.0,13.059999999999999,B,L
20200812,HH,0,28.0,3.0,3.0,39.0,30.0,9.0,2.0,0.0,1.0,6.0,0.0,1.0,3.0,153.0,8.620000000000001,T,L
20200812,HT,0,24.0,8.0,8.0,37.0,34.0,12.0,5.0,0.0,0.0,3.0,0.0,0.0,9.0,140.0,4.890000000000001,T,L
20200812,KT,0,27.0,11.0,11.0,46.0,36.0,12.0,3.0,0.0,1.0,9.0,0.0,1.0,5.0,177.0,7.41,B,L
20200812,LG,0,27.0,0.0,0.0,35.0,29.0,2.0,0.0,0.0,0.0,5.0,0.0,1.0,14.0,166.0,6.82,B,W
20200812,LT,0,27.0,4.0,4.0,41.0,35.0,9.0,1.0,0.0,0.0,5.0,0.0,0.0,8.0,157.0,4.21,B,W
20200812,NC,0,24.0,8.0,8.0,41.0,33.0,13.0,3.0,0.0,1.0,4.0,0.0,2.0,4.0,148.0,6.0600000000000005,T,L
20200812,OB,0,27.0,8.0,8.0,43.0,42.0,16.0,4.0,0.0,2.0,1.0,0.0,0.0,6.0,169.0,8.73,T,W
20200812,SK,0,27.0,2.0,1.0,30.0,27.0,2.0,1.0,0.0,0.0,2.0,0.0,1.0,3.0,147.0,7.25,T,W
20200812,SS,0,27.0,15.0,15.0,50.0,45.0,24.0,2.0,0.0,2.0,3.0,0.0,0.0,2.0,166.0,5.92,B,L
20200812,WO,0,30.0,2.0,2.0,38.0,34.0,4.0,1.0,0.0,1.0,2.0,0.0,2.0,8.0,163.0,4.720000000000001,B,W
20200813,HH,0,24.0,6.0,6.0,36.0,31.0,11.0,1.0,1.0,1.0,3.0,0.0,0.0,4.0,125.0,6.9,T,L
20200813,HT,0,24.0,4.0,4.0,35.0,29.0,8.0,1.0,0.0,2.0,4.0,0.0,1.0,6.0,127.0,8.36,T,L
20200813,KT,0,27.0,10.0,9.0,47.0,41.0,16.0,1.0,0.0,1.0,4.0,0.0,0.0,5.0,154.0,6.4,B,L
20200813,LG,0,27.0,2.0,1.0,33.0,32.0,5.0,1.0,0.0,1.0,1.0,0.0,0.0,8.0,124.0,4.0600000000000005,B,W
20200813,LT,0,27.0,9.0,9.0,43.0,39.0,14.0,1.0,0.0,1.0,3.0,0.0,1.0,7.0,178.0,9.6,B,L
20200813,NC,0,27.0,2.0,2.0,33.0,33.0,7.0,1.0,0.0,0.0,0.0,0.0,0.0,6.0,120.0,2.39,T,W
20200813,OB,0,24.0,3.0,3.0,38.0,33.0,9.0,1.0,0.0,2.0,4.0,0.0,1.0,5.0,148.0,6.54,T,L
20200813,SK,0,27.0,6.0,6.0,48.0,36.0,10.0,2.0,0.0,1.0,11.0,0.0,0.0,17.0,195.0,11.500000000000002,T,W
20200813,SS,0,27.0,2.0,2.0,39.0,28.0,4.0,0.0,0.0,1.0,9.0,0.0,0.0,11.0,164.0,6.79,B,W
20200813,WO,0,27.0,3.0,3.0,39.0,32.0,9.0,0.0,0.0,0.0,4.0,0.0,2.0,10.0,157.0,6.909999999999999,B,W
20200814,HH,0,27.0,10.0,10.0,44.0,41.0,15.0,4.0,0.0,1.0,3.0,0.0,0.0,6.0,186.0,6.77,B,L
20200814,HT,0,27.0,6.0,6.0,43.0,31.0,12.0,1.0,0.0,0.0,8.0,0.0,1.0,6.0,167.0,7.34,B,W
20200814,KT,0,36.0,3.0,3.0,53.0,45.0,10.0,0.0,0.0,2.0,8.0,2.0,0.0,9.0,213.0,8.96,T,W
20200814,LG,0,27.0,4.0,4.0,40.0,36.0,8.0,3.0,0.0,0.0,3.0,0.0,1.0,13.0,151.0,7.5200000000000005,T,W
20200814,LT,0,27.0,1.0,0.0,35.0,32.0,5.0,2.0,0.0,0.0,3.0,0.0,0.0,7.0,141.0,5.99,B,W
20200814,NC,0,27.0,10.0,10.0,49.0,43.0,18.0,2.0,1.0,4.0,5.0,0.0,0.0,6.0,206.0,8.07,B,L
20200814,OB,0,36.0,5.0,4.0,49.0,47.0,12.0,3.0,0.0,0.0,1.0,0.0,0.0,7.0,194.0,10.580000000000002,B,L
20200814,SK,0,25.0,7.0,7.0,40.0,31.0,7.0,2.0,0.0,1.0,8.0,0.0,1.0,3.0,151.0,6.4399999999999995,T,L
20200814,SS,0,27.0,1.0,1.0,33.0,30.0,4.0,1.0,0.0,0.0,2.0,0.0,1.0,8.0,144.0,3.88,T,W
20200814,WO,0,24.0,5.0,5.0,38.0,31.0,11.0,2.0,0.0,0.0,5.0,1.0,0.0,6.0,122.0,7.67,T,L
20200815,HH,0,27.0,2.0,2.0,34.0,29.0,3.0,0.0,0.0,1.0,4.0,0.0,0.0,11.0,153.0,5.75,B,L
20200815,HT,0,27.0,3.0,3.0,36.0,33.0,9.0,2.0,0.0,0.0,3.0,0.0,0.0,1.0,137.0,4.57,B,W
20200815,KT,0,26.0,7.0,4.0,41.0,38.0,13.0,1.0,0.0,1.0,3.0,0.0,0.0,3.0,145.0,4.94,T,L
20200815,LG,0,27.0,4.0,4.0,38.0,34.0,10.0,0.0,0.0,2.0,2.0,0.0,1.0,13.0,149.0,8.370000000000001,T,W
20200815,LT,0,27.0,3.0,3.0,36.0,34.0,9.0,4.0,0.0,0.0,2.0,0.0,0.0,4.0,128.0,5.109999999999999,B,L
20200815,NC,0,27.0,13.0,13.0,45.0,40.0,15.0,4.0,0.0,2.0,3.0,0.0,1.0,9.0,177.0,5.65,B,L
20200815,OB,0,27.0,5.0,4.0,41.0,34.0,7.0,2.0,1.0,1.0,6.0,0.0,1.0,8.0,171.0,8.299999999999999,B,W
20200815,SK,0,24.0,10.0,10.0,44.0,41.0,17.0,2.0,1.0,1.0,3.0,0.0,0.0,5.0,142.0,7.58,T,L
20200815,SS,0,27.0,0.0,0.0,35.0,30.0,7.0,0.0,0.0,0.0,5.0,0.0,0.0,7.0,155.0,6.889999999999999,T,W
20200815,WO,0,27.0,1.0,0.0,36.0,35.0,7.0,0.0,0.0,0.0,1.0,0.0,0.0,6.0,121.0,3.63,T,W
20200816,HH,0,27.0,2.0,2.0,34.0,32.0,5.0,1.0,0.0,2.0,1.0,0.0,1.0,9.0,134.0,5.34,B,W
20200816,HT,0,27.0,5.0,5.0,41.0,34.0,7.0,2.0,0.0,0.0,7.0,0.0,0.0,13.0,179.0,8.32,B,W
20200816,KT,0,27.0,1.0,1.0,35.0,28.0,3.0,1.0,0.0,0.0,6.0,0.0,1.0,6.0,140.0,5.75,T,W
20200816,LG,0,27.0,5.0,5.0,37.0,34.0,9.0,5.0,0.0,0.0,2.0,0.0,1.0,6.0,149.0,5.37,T,W
20200816,LT,0,27.0,6.0,6.0,41.0,35.0,9.0,5.0,0.0,1.0,2.0,0.0,3.0,4.0,155.0,8.09,B,L
20200816,NC,0,27.0,6.0,3.0,41.0,32.0,7.0,0.0,0.0,2.0,8.0,0.0,0.0,3.0,163.0,7.72,B,L
20200816,OB,0,27.0,4.0,2.0,41.0,35.0,11.0,5.0,0.0,0.0,3.0,0.0,0.0,5.0,157.0,8.24,B,L
20200816,SK,0,24.0,8.0,8.0,41.0,38.0,15.0,2.0,0.0,1.0,3.0,0.0,0.0,10.0,167.0,7.2,T,L
20200816,SS,0,24.0,3.0,3.0,31.0,26.0,2.0,1.0,0.0,0.0,4.0,0.0,1.0,4.0,109.0,2.74,T,L
20200816,WO,0,27.0,3.0,3.0,36.0,30.0,6.0,1.0,0.0,0.0,4.0,0.0,1.0,5.0,125.0,7.3,T,W
20200818,HH,0,24.0,9.0,4.0,40.0,31.0,8.0,2.0,0.0,2.0,5.0,0.0,2.0,4.0,146.0,8.17,T,L
20200818,HT,0,28.0,6.0,5.0,40.0,37.0,12.0,1.0,0.0,2.0,2.0,0.0,0.0,13.0,170.0,9.16,T,L
20200818,KT,0,27.0,3.0,2.0,37.0,32.0,6.0,3.0,0.0,0.0,3.0,0.0,1.0,6.0,138.0,4.72,T,W
20200818,LG,0,30.0,5.0,5.0,46.0,40.0,11.0,2.0,0.0,0.0,5.0,0.0,0.0,8.0,178.0,9.94,B,W
20200818,LT,0,27.0,9.0,8.0,50.0,43.0,16.0,2.0,0.0,0.0,3.0,0.0,2.0,10.0,200.0,4.65,B,L
20200818,NC,0,27.0,1.0,1.0,35.0,34.0,7.0,0.0,0.0,0.0,0.0,0.0,1.0,6.0,136.0,4.41,B,W
20200818,OB,0,27.0,2.0,2.0,36.0,34.0,6.0,0.0,1.0,1.0,2.0,0.0,0.0,7.0,145.0,6.67,T,W
20200818,SK,0,27.0,3.0,3.0,43.0,32.0,6.0,2.0,0.0,0.0,7.0,0.0,4.0,16.0,181.0,9.71,B,W
20200818,SS,0,27.0,6.0,5.0,42.0,33.0,9.0,1.0,0.0,1.0,8.0,0.0,0.0,7.0,177.0,7.1,B,L
20200818,WO,0,24.0,5.0,5.0,32.0,27.0,7.0,3.0,0.0,1.0,2.0,0.0,1.0,4.0,124.0,6.75,T,L
20200819,HH,0,24.0,26.0,22.0,57.0,46.0,22.0,4.0,0.0,6.0,10.0,0.0,1.0,4.0,210.0,10.919999999999998,T,L
20200819,HT,0,24.0,10.0,9.0,45.0,34.0,12.0,2.0,2.0,1.0,9.0,0.0,1.0,3.0,195.0,11.75,T,L
20200819,KT,0,27.0,4.0,4.0,38.0,34.0,11.0,0.0,0.0,0.0,2.0,0.0,0.0,7.0,122.0,4.09,T,W
20200819,LG,0,27.0,1.0,1.0,36.0,34.0,8.0,0.0,0.0,0.0,2.0,0.0,0.0,9.0,152.0,6.61,B,W
20200819,LT,0,27.0,3.0,3.0,33.0,28.0,6.0,0.0,0.0,1.0,4.0,0.0,1.0,6.0,137.0,5.68,B,W
20200819,NC,0,27.0,6.0,5.0,40.0,35.0,8.0,3.0,0.0,1.0,3.0,0.0,2.0,5.0,152.0,7.34,B,L
20200819,OB,0,24.0,7.0,6.0,35.0,31.0,10.0,3.0,0.0,0.0,1.0,0.0,0.0,3.0,113.0,2.62,T,L
20200819,SK,0,27.0,6.0,4.0,43.0,40.0,12.0,2.0,0.0,2.0,3.0,0.0,0.0,8.0,171.0,9.08,B,W
20200819,SS,0,27.0,6.0,6.0,37.0,31.0,6.0,1.0,0.0,1.0,4.0,0.0,1.0,8.0,165.0,7.569999999999999,B,L
20200819,WO,0,27.0,4.0,3.0,40.0,36.0,7.0,1.0,0.0,1.0,4.0,0.0,0.0,7.0,161.0,5.970000000000001,T,W
20200820,HH,0,27.0,3.0,3.0,36.0,31.0,6.0,0.0,0.0,1.0,4.0,1.0,0.0,5.0,144.0,4.71,B,L
20200820,HT,0,27.0,14.0,14.0,51.0,45.0,21.0,3.0,0.0,1.0,3.0,0.0,0.0,6.0,170.0,4.19,B,L
20200820,KT,0,27.0,0.0,0.0,34.0,29.0,2.0,0.0,0.0,0.0,5.0,0.0,0.0,9.0,130.0,4.77,T,W
20200820,LG,0,24.0,6.0,6.0,39.0,31.0,8.0,2.0,0.0,0.0,6.0,0.0,1.0,6.0,149.0,7.3500000000000005,T,L
20200820,LT,0,27.0,5.0,5.0,43.0,40.0,14.0,4.0,0.0,0.0,3.0,0.0,0.0,10.0,169.0,6.09,T,W
20200820,NC,0,27.0,2.0,1.0,39.0,33.0,5.0,0.0,0.0,0.0,5.0,0.0,1.0,10.0,147.0,4.89,T,W
20200820,OB,0,27.0,6.0,6.0,44.0,36.0,11.0,2.0,1.0,1.0,7.0,1.0,0.0,7.0,167.0,8.3,B,L
20200820,SK,0,27.0,8.0,5.0,42.0,35.0,9.0,2.0,0.0,0.0,6.0,0.0,0.0,9.0,167.0,9.43,B,L
20200820,SS,0,27.0,3.0,3.0,40.0,35.0,11.0,0.0,0.0,2.0,4.0,0.0,0.0,6.0,145.0,5.27,T,W
20200820,WO,0,27.0,5.0,5.0,38.0,36.0,9.0,1.0,0.0,1.0,2.0,0.0,0.0,9.0,166.0,5.96,B,W
20200821,HH,0,27.0,1.0,1.0,35.0,30.0,4.0,0.0,0.0,1.0,4.0,0.0,1.0,12.0,156.0,5.63,B,W
20200821,HT,0,27.0,10.0,6.0,43.0,38.0,10.0,5.0,0.0,1.0,4.0,0.0,0.0,10.0,149.0,10.31,B,L
20200821,KT,0,24.0,5.0,5.0,37.0,35.0,11.0,2.0,0.0,1.0,2.0,0.0,0.0,6.0,136.0,9.46,T,L
20200821,LG,0,27.0,3.0,3.0,36.0,33.0,6.0,0.0,0.0,1.0,2.0,0.0,1.0,6.0,130.0,4.02,T,W
20200821,LT,0,26.0,1.0,1.0,36.0,31.0,5.0,0.0,0.0,0.0,4.0,1.0,0.0,6.0,151.0,3.7,T,L
20200821,NC,0,27.0,4.0,4.0,38.0,34.0,9.0,0.0,0.0,2.0,2.0,0.0,1.0,5.0,149.0,8.920000000000002,T,W
20200821,OB,0,27.0,0.0,0.0,33.0,31.0,3.0,1.0,0.0,0.0,2.0,1.0,0.0,8.0,144.0,5.55,B,W
20200821,SK,0,27.0,6.0,5.0,47.0,37.0,11.0,1.0,1.0,2.0,8.0,0.0,1.0,8.0,186.0,7.23,B,W
20200821,SS,0,24.0,8.0,8.0,43.0,32.0,12.0,2.0,0.0,0.0,5.0,1.0,3.0,2.0,123.0,7.470000000000001,T,L
20200821,WO,0,27.0,7.0,7.0,42.0,36.0,10.0,1.0,1.0,2.0,6.0,0.0,0.0,6.0,159.0,7.25,B,L
20200822,HT,0,24.0,4.0,4.0,37.0,32.0,10.0,1.0,0.0,1.0,5.0,0.0,0.0,6.0,144.0,8.02,T,L
20200822,LT,0,27.0,3.0,2.0,38.0,35.0,10.0,1.0,0.0,0.0,2.0,0.0,0.0,5.0,157.0,6.22,T,W
20200822,OB,0,27.0,1.0,1.0,41.0,36.0,9.0,2.0,0.0,1.0,5.0,0.0,0.0,7.0,163.0,9.61,T,W
20200822,SK,0,27.0,8.0,6.0,44.0,39.0,12.0,1.0,0.0,2.0,4.0,0.0,1.0,9.0,168.0,6.78,B,L
20200822,SS,0,27.0,5.0,5.0,42.0,39.0,13.0,2.0,0.0,1.0,2.0,0.0,0.0,5.0,135.0,5.699999999999999,B,L
20200822,WO,0,27.0,3.0,1.0,37.0,34.0,7.0,0.0,0.0,0.0,3.0,0.0,0.0,10.0,153.0,7.37,B,W
20200823,HH,0,27.0,3.0,3.0,37.0,30.0,6.0,1.0,0.0,0.0,6.0,1.0,1.0,8.0,159.0,7.119999999999999,T,W
20200823,HT,0,27.0,7.0,7.0,41.0,37.0,13.0,2.0,1.0,0.0,3.0,0.0,0.0,9.0,163.0,11.889999999999999,T,W
20200823,KT,0,27.0,1.0,1.0,40.0,35.0,9.0,2.0,0.0,0.0,4.0,0.0,1.0,7.0,150.0,7.06,B,W
20200823,LG,0,27.0,4.0,2.0,36.0,31.0,6.0,1.0,0.0,1.0,4.0,0.0,0.0,6.0,132.0,5.609999999999999,B,L
20200823,LT,0,27.0,0.0,0.0,35.0,31.0,4.0,0.0,0.0,0.0,4.0,0.0,0.0,7.0,149.0,5.69,T,W
20200823,NC,0,24.0,10.0,10.0,42.0,34.0,13.0,2.0,0.0,3.0,8.0,0.0,0.0,6.0,160.0,11.24,T,L
20200823,OB,0,27.0,1.0,1.0,40.0,34.0,9.0,1.0,1.0,0.0,4.0,0.0,1.0,7.0,165.0,5.5,T,W
20200823,SK,0,27.0,8.0,7.0,45.0,35.0,9.0,0.0,0.0,3.0,7.0,0.0,2.0,4.0,158.0,11.360000000000001,B,L
20200823,SS,0,27.0,11.0,8.0,43.0,37.0,10.0,2.0,0.0,3.0,6.0,0.0,0.0,7.0,167.0,12.41,B,L
20200823,WO,0,27.0,8.0,8.0,41.0,36.0,11.0,0.0,0.0,3.0,2.0,0.0,1.0,9.0,164.0,7.959999999999999,B,L
20200824,HH,0,27.0,3.0,2.0,37.0,32.0,5.0,1.0,0.0,0.0,4.0,0.0,1.0,6.0,158.0,11.93,T,W
20200824,KT,0,27.0,1.0,1.0,37.0,34.0,8.0,0.0,0.0,0.0,2.0,0.0,1.0,4.0,139.0,5.5600000000000005,B,W
20200824,LG,0,27.0,6.0,5.0,46.0,38.0,14.0,1.0,2.0,0.0,3.0,0.0,0.0,7.0,177.0,8.780000000000001,B,L
20200824,NC,0,24.0,8.0,8.0,41.0,37.0,14.0,1.0,0.0,1.0,4.0,0.0,0.0,9.0,158.0,4.87,T,L
20200825,HH,0,24.0,11.0,11.0,40.0,38.0,15.0,3.0,0.0,6.0,2.0,0.0,0.0,7.0,150.0,7.09,T,L
20200825,HT,0,22.0,10.0,8.0,40.0,34.0,14.0,1.0,0.0,3.0,5.0,0.0,0.0,2.0,164.0,11.209999999999999,T,L
20200825,KT,0,27.0,4.0,3.0,44.0,36.0,10.0,0.0,0.0,0.0,6.0,1.0,1.0,6.0,167.0,8.24,B,L
20200825,LG,0,24.0,4.0,4.0,31.0,31.0,7.0,1.0,0.0,2.0,0.0,0.0,0.0,4.0,114.0,5.38,T,L
20200825,LT,0,27.0,10.0,10.0,46.0,37.0,11.0,3.0,0.0,2.0,7.0,0.0,2.0,3.0,173.0,11.329999999999998,B,L
20200825,NC,0,27.0,3.0,3.0,43.0,37.0,11.0,1.0,1.0,0.0,4.0,0.0,2.0,9.0,179.0,8.58,B,W
20200825,OB,0,24.0,8.0,6.0,40.0,30.0,7.0,2.0,0.0,1.0,8.0,0.0,2.0,5.0,154.0,8.950000000000001,B,W
20200825,SK,0,27.0,8.0,7.0,43.0,38.0,11.0,1.0,0.0,1.0,4.0,0.0,0.0,6.0,175.0,9.469999999999999,T,W
20200825,SS,0,27.0,3.0,3.0,40.0,33.0,7.0,1.0,0.0,1.0,4.0,0.0,3.0,8.0,166.0,8.71,B,W
20200825,WO,0,27.0,1.0,1.0,33.0,32.0,5.0,2.0,0.0,0.0,1.0,0.0,0.0,7.0,127.0,3.9000000000000004,T,W
20200826,HH,0,24.0,9.0,6.0,40.0,36.0,11.0,2.0,0.0,2.0,3.0,0.0,1.0,6.0,150.0,9.6,T,L
20200826,HT,0,27.0,5.0,4.0,43.0,35.0,11.0,1.0,0.0,1.0,6.0,0.0,0.0,8.0,172.0,11.1,T,W
20200826,KT,0,30.0,5.0,5.0,40.0,36.0,8.0,0.0,1.0,2.0,3.0,0.0,0.0,6.0,153.0,5.07,B,W
20200826,LG,0,27.0,5.0,5.0,37.0,35.0,9.0,0.0,0.0,1.0,1.0,0.0,1.0,6.0,139.0,4.91,T,W
20200826,LT,0,27.0,1.0,1.0,31.0,29.0,4.0,0.0,0.0,1.0,2.0,0.0,0.0,7.0,131.0,3.27,B,W
20200826,NC,0,27.0,5.0,5.0,39.0,34.0,7.0,1.0,0.0,1.0,2.0,0.0,3.0,8.0,156.0,6.37,B,W
20200826,OB,0,27.0,7.0,7.0,46.0,41.0,15.0,1.0,0.0,1.0,4.0,0.0,0.0,5.0,177.0,9.64,B,L
20200826,SK,0,24.0,3.0,3.0,37.0,28.0,4.0,0.0,0.0,0.0,8.0,0.0,1.0,4.0,140.0,7.9399999999999995,T,L
20200826,SS,0,27.0,8.0,8.0,39.0,36.0,10.0,1.0,0.0,4.0,3.0,0.0,0.0,7.0,138.0,10.13,B,L
20200826,WO,0,28.0,6.0,6.0,44.0,36.0,10.0,2.0,0.0,1.0,7.0,0.0,0.0,6.0,210.0,27.310000000000002,T,L
20200827,HH,0,27.0,0.0,0.0,33.0,32.0,8.0,0.0,0.0,0.0,0.0,0.0,1.0,6.0,128.0,4.8100000000000005,B,W
20200827,HT,0,24.0,10.0,5.0,42.0,36.0,14.0,4.0,0.0,2.0,2.0,0.0,1.0,6.0,140.0,3.13,T,L
20200827,KT,0,24.0,2.0,1.0,31.0,29.0,6.0,0.0,1.0,0.0,2.0,0.0,0.0,7.0,122.0,4.59,T,L
20200827,LG,0,27.0,0.0,0.0,35.0,29.0,2.0,1.0,0.0,0.0,4.0,0.0,2.0,5.0,142.0,3.96,B,W
20200827,LT,0,27.0,11.0,9.0,45.0,40.0,15.0,5.0,0.0,3.0,3.0,0.0,1.0,2.0,152.0,9.12,B,L
20200827,NC,0,27.0,2.0,2.0,39.0,37.0,13.0,6.0,0.0,0.0,2.0,0.0,0.0,4.0,151.0,8.18,B,W
20200827,OB,0,24.0,8.0,8.0,40.0,35.0,13.0,2.0,1.0,1.0,4.0,0.0,1.0,9.0,163.0,6.82,T,L
20200827,SK,0,27.0,4.0,4.0,37.0,33.0,8.0,2.0,0.0,0.0,2.0,0.0,1.0,12.0,139.0,5.8100000000000005,B,W
20200827,SS,0,24.0,7.0,7.0,38.0,33.0,11.0,1.0,1.0,0.0,4.0,0.0,0.0,3.0,146.0,6.960000000000001,T,L
20200827,WO,0,27.0,6.0,6.0,43.0,36.0,12.0,2.0,0.0,0.0,5.0,0.0,1.0,5.0,168.0,9.03,T,W
20200828,HT,0,27.0,8.0,7.0,44.0,33.0,11.0,2.0,2.0,1.0,6.0,0.0,3.0,10.0,180.0,18.9,T,W
20200828,KT,0,32.0,6.0,6.0,47.0,40.0,12.0,3.0,0.0,0.0,4.0,1.0,1.0,6.0,177.0,8.72,T,L
20200828,LG,0,33.0,5.0,5.0,40.0,36.0,5.0,1.0,0.0,2.0,3.0,0.0,1.0,13.0,164.0,9.81,B,W
20200828,LT,0,27.0,8.0,7.0,44.0,36.0,11.0,3.0,0.0,2.0,7.0,1.0,0.0,7.0,196.0,10.22,B,L
20200828,NC,0,27.0,11.0,11.0,52.0,46.0,18.0,1.0,0.0,4.0,4.0,0.0,2.0,4.0,197.0,6.92,B,L
20200828,OB,0,27.0,4.0,4.0,39.0,35.0,10.0,1.0,1.0,1.0,4.0,0.0,0.0,4.0,145.0,4.56,T,W
20200828,SK,0,27.0,11.0,11.0,45.0,39.0,13.0,0.0,0.0,4.0,4.0,0.0,0.0,8.0,193.0,8.629999999999999,B,L
20200828,WO,0,27.0,4.0,4.0,40.0,37.0,12.0,2.0,0.0,2.0,2.0,0.0,1.0,3.0,129.0,9.93,T,W
20200829,HH,0,24.0,9.0,9.0,40.0,33.0,11.0,3.0,0.0,4.0,6.0,0.0,0.0,5.0,135.0,10.959999999999999,T,L
20200829,LG,0,27.0,5.0,5.0,38.0,35.0,11.0,3.0,0.0,1.0,3.0,0.0,0.0,3.0,140.0,8.69,B,D
20200829,LT,0,27.0,7.0,7.0,40.0,38.0,11.0,0.0,1.0,2.0,2.0,0.0,0.0,13.0,166.0,4.52,B,W
20200829,NC,0,27.0,5.0,5.0,37.0,35.0,9.0,0.0,0.0,2.0,2.0,0.0,0.0,5.0,135.0,19.130000000000003,B,W
20200829,OB,0,27.0,5.0,5.0,38.0,37.0,10.0,2.0,0.0,2.0,1.0,0.0,0.0,13.0,154.0,11.79,T,D
20200829,SK,0,24.0,9.0,9.0,39.0,35.0,14.0,3.0,0.0,2.0,3.0,1.0,1.0,4.0,153.0,4.93,T,L
20200829,SS,0,27.0,4.0,4.0,35.0,30.0,8.0,2.0,0.0,0.0,3.0,0.0,0.0,3.0,119.0,4.1899999999999995,T,W
20200829,WO,0,27.0,5.0,5.0,40.0,37.0,10.0,2.0,0.0,0.0,2.0,0.0,0.0,10.0,142.0,6.5600000000000005,B,L
20200830,HH,0,24.0,6.0,2.0,37.0,34.0,10.0,3.0,0.0,0.0,3.0,0.0,0.0,6.0,145.0,4.55,T,L
20200830,HT,0,54.0,13.0,11.0,87.0,71.0,17.0,3.0,1.0,2.0,14.0,0.0,0.0,17.0,339.0,15.57,B,W
20200830,HT,0,54.0,13.0,11.0,87.0,71.0,17.0,3.0,1.0,2.0,14.0,0.0,0.0,17.0,339.0,15.57,B,L
20200830,KT,0,51.0,12.0,9.0,78.0,67.0,20.0,3.0,0.0,1.0,7.0,0.0,1.0,9.0,275.0,10.009999999999998,T,W
20200830,KT,0,51.0,12.0,9.0,78.0,67.0,20.0,3.0,0.0,1.0,7.0,0.0,1.0,9.0,275.0,10.009999999999998,T,L
20200830,LG,0,27.0,1.0,1.0,32.0,31.0,7.0,1.0,0.0,0.0,0.0,0.0,1.0,5.0,126.0,6.98,B,W
20200830,LT,0,27.0,2.0,2.0,35.0,33.0,6.0,1.0,0.0,0.0,2.0,0.0,0.0,6.0,127.0,3.89,B,W
20200830,NC,0,27.0,4.0,4.0,37.0,33.0,7.0,1.0,0.0,3.0,3.0,0.0,0.0,7.0,132.0,7.79,B,W
20200830,OB,0,24.0,4.0,4.0,37.0,30.0,8.0,2.0,0.0,1.0,6.0,1.0,0.0,6.0,162.0,8.98,T,L
20200830,SK,0,24.0,7.0,7.0,38.0,28.0,7.0,2.0,1.0,0.0,7.0,1.0,1.0,5.0,139.0,8.68,T,L
20200830,SS,0,24.0,3.0,3.0,37.0,34.0,11.0,1.0,1.0,0.0,3.0,0.0,0.0,4.0,178.0,6.93,T,L
20200830,WO,0,27.0,2.0,2.0,37.0,34.0,10.0,0.0,0.0,0.0,1.0,0.0,0.0,5.0,131.0,3.7399999999999998,B,W
20200901,HH,0,24.0,4.0,3.0,36.0,33.0,10.0,2.0,0.0,0.0,2.0,0.0,0.0,5.0,137.0,8.11,T,L
20200901,HT,0,27.0,0.0,0.0,31.0,30.0,4.0,0.0,0.0,0.0,1.0,0.0,0.0,5.0,121.0,2.7199999999999998,B,W
20200901,KT,0,27.0,2.0,2.0,35.0,29.0,6.0,1.0,0.0,0.0,6.0,0.0,0.0,3.0,153.0,9.14,B,W
20200901,LG,0,27.0,5.0,5.0,42.0,35.0,10.0,0.0,0.0,0.0,6.0,1.0,0.0,8.0,166.0,6.529999999999999,T,W
20200901,LT,0,24.0,11.0,8.0,41.0,37.0,14.0,2.0,0.0,2.0,3.0,0.0,0.0,7.0,163.0,10.399999999999999,T,L
20200901,NC,0,27.0,2.0,2.0,35.0,33.0,6.0,2.0,0.0,0.0,2.0,0.0,0.0,7.0,135.0,6.73,T,W
20200901,OB,0,27.0,0.0,0.0,29.0,29.0,3.0,0.0,0.0,0.0,0.0,0.0,0.0,9.0,125.0,4.26,B,W
20200901,SK,0,27.0,13.0,11.0,49.0,38.0,11.0,3.0,0.0,3.0,8.0,1.0,1.0,10.0,193.0,12.530000000000001,B,L
20200901,SS,0,24.0,6.0,6.0,40.0,31.0,9.0,2.0,0.0,1.0,9.0,0.0,0.0,9.0,188.0,8.68,T,L
20200901,WO,0,27.0,5.0,5.0,38.0,32.0,10.0,2.0,0.0,1.0,4.0,0.0,0.0,10.0,160.0,9.25,B,L
20200902,NC,0,24.0,6.0,5.0,41.0,31.0,7.0,2.0,0.0,0.0,7.0,0.0,3.0,7.0,164.0,10.49,T,L
20200902,WO,0,27.0,4.0,4.0,38.0,34.0,9.0,3.0,0.0,1.0,2.0,0.0,2.0,5.0,136.0,14.719999999999999,B,W
20200903,HH,0,27.0,6.0,6.0,40.0,34.0,9.0,0.0,0.0,1.0,5.0,0.0,0.0,8.0,168.0,10.36,B,L
20200903,HT,0,27.0,3.0,3.0,33.0,30.0,5.0,2.0,0.0,0.0,2.0,0.0,1.0,6.0,129.0,3.9399999999999995,T,W
20200903,KT,0,27.0,2.0,2.0,37.0,32.0,8.0,1.0,0.0,0.0,5.0,0.0,0.0,2.0,126.0,6.57,B,W
20200903,LG,0,27.0,5.0,5.0,43.0,40.0,16.0,2.0,0.0,0.0,2.0,0.0,1.0,11.0,161.0,10.03,B,W
20200903,LT,0,27.0,4.0,4.0,38.0,36.0,10.0,1.0,0.0,2.0,1.0,0.0,0.0,7.0,133.0,3.56,B,L
20200903,NC,0,24.0,6.0,2.0,35.0,32.0,9.0,1.0,0.0,1.0,2.0,0.0,0.0,8.0,131.0,6.819999999999999,T,L
20200903,OB,0,24.0,11.0,10.0,41.0,35.0,16.0,5.0,1.0,1.0,4.0,0.0,0.0,6.0,178.0,9.49,T,L
20200903,SK,0,24.0,6.0,6.0,38.0,34.0,12.0,3.0,0.0,0.0,4.0,0.0,0.0,6.0,162.0,7.73,T,L
20200903,SS,0,27.0,10.0,6.0,41.0,38.0,10.0,3.0,1.0,3.0,3.0,0.0,0.0,4.0,143.0,9.799999999999999,B,W
20200903,WO,0,27.0,5.0,3.0,44.0,38.0,11.0,2.0,0.0,1.0,4.0,0.0,2.0,8.0,157.0,7.220000000000001,T,W
20200904,HH,0,27.0,1.0,1.0,36.0,32.0,6.0,1.0,0.0,0.0,4.0,0.0,0.0,8.0,147.0,5.609999999999999,B,W
20200904,HT,0,49.0,9.0,9.0,69.0,58.0,16.0,0.0,0.0,0.0,7.0,0.0,2.0,13.0,288.0,18.15,T,W
20200904,HT,0,49.0,9.0,9.0,69.0,58.0,16.0,0.0,0.0,0.0,7.0,0.0,2.0,13.0,288.0,18.15,T,L
20200904,HT,1,2.0,3.0,3.0,5.0,5.0,3.0,0.0,0.0,2.0,0.0,0.0,0.0,1.0,16.0,5.050000000000001,T,L
20200904,KT,0,54.0,7.0,7.0,71.0,66.0,15.0,2.0,0.0,3.0,2.0,0.0,1.0,12.0,240.0,9.649999999999999,B,W
20200904,LG,0,36.0,5.0,5.0,55.0,46.0,13.0,1.0,0.0,0.0,4.0,1.0,3.0,15.0,235.0,12.85,B,D
20200904,LT,0,51.0,11.0,10.0,73.0,65.0,15.0,4.0,0.0,2.0,5.0,0.0,1.0,15.0,280.0,10.759999999999998,B,W
20200904,LT,0,51.0,11.0,10.0,73.0,65.0,15.0,4.0,0.0,2.0,5.0,0.0,1.0,15.0,280.0,10.759999999999998,B,L
20200904,LT,1,3.0,2.0,2.0,7.0,6.0,3.0,1.0,0.0,0.0,1.0,0.0,0.0,3.0,38.0,1.04,B,W
20200904,NC,0,36.0,5.0,5.0,57.0,46.0,13.0,3.0,1.0,0.0,8.0,1.0,1.0,14.0,222.0,13.139999999999999,T,D
20200904,OB,0,24.0,12.0,11.0,48.0,37.0,16.0,3.0,0.0,2.0,9.0,0.0,0.0,3.0,191.0,11.780000000000001,T,L
20200904,SK,0,50.0,17.0,17.0,81.0,68.0,22.0,5.0,0.0,5.0,12.0,0.0,0.0,10.0,318.0,11.889999999999999,T,L
20200904,SS,0,27.0,5.0,5.0,38.0,32.0,8.0,1.0,0.0,0.0,5.0,0.0,0.0,12.0,160.0,5.54,B,W
20200904,WO,0,24.0,7.0,7.0,40.0,30.0,10.0,1.0,0.0,0.0,7.0,0.0,0.0,7.0,174.0,17.060000000000002,T,L
20200905,HH,0,27.0,5.0,5.0,44.0,36.0,13.0,4.0,0.0,0.0,6.0,0.0,0.0,5.0,156.0,7.37,B,L
20200905,HT,0,27.0,4.0,4.0,37.0,33.0,8.0,2.0,0.0,1.0,3.0,0.0,0.0,11.0,141.0,6.79,T,W
20200905,KT,0,27.0,1.0,1.0,32.0,32.0,5.0,1.0,0.0,0.0,0.0,0.0,0.0,7.0,120.0,3.0999999999999996,T,W
20200905,OB,0,27.0,1.0,1.0,32.0,30.0,5.0,0.0,0.0,1.0,1.0,0.0,1.0,7.0,117.0,3.04,B,W
20200905,SK,0,24.0,5.0,5.0,38.0,29.0,6.0,1.0,0.0,0.0,9.0,0.0,0.0,5.0,159.0,9.07,T,L
20200905,WO,0,27.0,8.0,8.0,44.0,37.0,11.0,1.0,0.0,2.0,5.0,0.0,1.0,8.0,183.0,4.08,B,L
20200906,HH,0,27.0,8.0,7.0,41.0,35.0,10.0,5.0,0.0,1.0,3.0,0.0,1.0,9.0,167.0,7.97,B,L
20200906,HT,0,27.0,4.0,4.0,36.0,36.0,10.0,1.0,0.0,2.0,0.0,0.0,0.0,13.0,148.0,13.02,T,W
20200906,KT,0,27.0,7.0,7.0,38.0,34.0,9.0,2.0,0.0,2.0,3.0,0.0,1.0,10.0,167.0,12.17,T,W
20200906,LG,0,27.0,1.0,1.0,33.0,29.0,3.0,1.0,0.0,0.0,4.0,0.0,0.0,4.0,121.0,4.05,T,W
20200906,LT,0,27.0,7.0,5.0,44.0,42.0,14.0,4.0,0.0,2.0,1.0,1.0,0.0,8.0,163.0,7.91,B,L
20200906,NC,0,24.0,5.0,5.0,37.0,34.0,10.0,0.0,0.0,3.0,3.0,0.0,0.0,5.0,147.0,7.47,T,D
20200906,OB,0,27.0,0.0,0.0,33.0,31.0,3.0,0.0,0.0,0.0,2.0,0.0,0.0,7.0,111.0,5.970000000000001,B,W
20200906,SK,0,24.0,10.0,9.0,43.0,38.0,14.0,2.0,0.0,2.0,5.0,0.0,0.0,3.0,165.0,9.83,T,L
20200906,SS,0,27.0,3.0,3.0,33.0,31.0,5.0,0.0,0.0,1.0,2.0,0.0,0.0,10.0,130.0,5.59,B,D
20200906,WO,0,27.0,8.0,7.0,45.0,38.0,12.0,2.0,0.0,0.0,4.0,1.0,1.0,6.0,187.0,9.490000000000002,B,L
20200907,LG,0,24.0,12.0,12.0,45.0,39.0,16.0,6.0,0.0,2.0,5.0,0.0,1.0,4.0,172.0,7.710000000000001,T,L
20200907,LT,0,27.0,6.0,5.0,43.0,40.0,16.0,2.0,0.0,1.0,3.0,0.0,0.0,9.0,181.0,5.75,B,W
20200908,HH,0,30.0,2.0,2.0,40.0,36.0,7.0,1.0,0.0,0.0,3.0,0.0,0.0,6.0,173.0,7.15,T,W
20200908,HT,0,27.0,2.0,2.0,43.0,35.0,11.0,3.0,1.0,0.0,6.0,0.0,2.0,3.0,160.0,13.72,B,W
20200908,KT,0,24.0,8.0,8.0,39.0,36.0,12.0,7.0,0.0,1.0,3.0,0.0,0.0,5.0,132.0,6.43,T,L
20200908,LG,0,24.0,3.0,1.0,34.0,31.0,7.0,4.0,0.0,0.0,3.0,1.0,0.0,5.0,124.0,3.92,T,L
20200908,LT,0,24.0,14.0,10.0,46.0,42.0,17.0,5.0,0.0,0.0,3.0,0.0,1.0,6.0,168.0,9.96,T,L
20200908,NC,0,27.0,2.0,2.0,38.0,33.0,6.0,1.0,0.0,0.0,5.0,0.0,0.0,6.0,149.0,4.8100000000000005,B,W
20200908,OB,0,27.0,0.0,0.0,38.0,33.0,6.0,1.0,0.0,0.0,5.0,0.0,0.0,7.0,157.0,5.609999999999999,B,W
20200908,SK,0,27.0,16.0,16.0,49.0,43.0,17.0,4.0,0.0,5.0,6.0,0.0,0.0,7.0,196.0,9.89,B,L
20200908,SS,0,30.0,4.0,4.0,43.0,36.0,10.0,2.0,0.0,0.0,3.0,0.0,0.0,9.0,173.0,11.97,B,L
20200908,WO,0,27.0,15.0,12.0,51.0,45.0,16.0,4.0,0.0,3.0,4.0,0.0,1.0,8.0,186.0,11.870000000000001,T,W
20200909,HH,0,54.0,4.0,4.0,71.0,62.0,10.0,0.0,0.0,1.0,7.0,0.0,1.0,15.0,290.0,12.01,T,D
20200909,HH,0,54.0,4.0,4.0,71.0,62.0,10.0,0.0,0.0,1.0,7.0,0.0,1.0,15.0,290.0,12.01,T,W
20200909,KT,0,33.0,2.0,2.0,46.0,41.0,10.0,2.0,0.0,0.0,3.0,0.0,0.0,6.0,161.0,8.0,T,W
20200909,LT,0,30.0,5.0,5.0,47.0,42.0,11.0,4.0,1.0,1.0,5.0,1.0,0.0,9.0,194.0,6.23,T,W
20200909,NC,0,30.0,7.0,7.0,48.0,36.0,8.0,3.0,0.0,0.0,8.0,0.0,2.0,7.0,184.0,10.64,B,L
20200909,OB,0,33.0,4.0,3.0,43.0,38.0,5.0,0.0,0.0,1.0,4.0,0.0,0.0,13.0,179.0,10.73,B,L
20200909,SK,0,27.0,13.0,11.0,53.0,35.0,11.0,2.0,0.0,1.0,16.0,0.0,0.0,5.0,238.0,18.83,B,L
20200909,SS,0,54.0,11.0,11.0,85.0,75.0,22.0,2.0,0.0,3.0,6.0,0.0,3.0,15.0,289.0,10.7,B,D
20200909,SS,0,54.0,11.0,11.0,85.0,75.0,22.0,2.0,0.0,3.0,6.0,0.0,3.0,15.0,289.0,10.7,B,L
20200909,WO,0,27.0,4.0,4.0,37.0,35.0,9.0,1.0,0.0,2.0,2.0,0.0,0.0,3.0,135.0,6.74,T,W
20200910,HH,0,27.0,5.0,5.0,41.0,36.0,9.0,1.0,0.0,1.0,4.0,0.0,1.0,5.0,153.0,8.23,B,L
20200910,HT,0,27.0,5.0,5.0,42.0,36.0,9.0,0.0,0.0,0.0,6.0,0.0,0.0,9.0,174.0,8.29,B,L
20200910,KT,0,24.0,13.0,12.0,46.0,36.0,13.0,3.0,0.0,3.0,8.0,0.0,1.0,4.0,176.0,10.54,T,L
20200910,LG,0,27.0,1.0,1.0,36.0,32.0,6.0,1.0,0.0,1.0,3.0,0.0,0.0,7.0,136.0,5.2,B,W
20200910,LT,0,27.0,8.0,8.0,41.0,37.0,10.0,5.0,0.0,0.0,3.0,0.0,0.0,6.0,147.0,4.92,B,W
20200910,NC,0,27.0,8.0,8.0,37.0,32.0,8.0,0.0,1.0,4.0,1.0,0.0,3.0,7.0,126.0,9.94,B,W
20200910,OB,0,27.0,4.0,4.0,36.0,32.0,7.0,0.0,1.0,1.0,4.0,0.0,0.0,7.0,162.0,6.54,T,W
20200910,SK,0,27.0,1.0,1.0,34.0,30.0,5.0,0.0,0.0,0.0,3.0,0.0,1.0,9.0,127.0,4.33,T,W
20200910,SS,0,24.0,13.0,13.0,50.0,45.0,21.0,3.0,0.0,2.0,5.0,0.0,0.0,6.0,200.0,10.139999999999999,T,L
20200910,WO,0,24.0,6.0,4.0,40.0,35.0,10.0,2.0,0.0,1.0,5.0,0.0,0.0,7.0,149.0,6.98,T,L
20200911,HH,0,27.0,4.0,3.0,36.0,33.0,8.0,3.0,0.0,0.0,2.0,0.0,0.0,5.0,139.0,4.28,B,L
20200911,KT,0,24.0,9.0,9.0,40.0,37.0,13.0,4.0,0.0,3.0,3.0,0.0,0.0,7.0,154.0,6.58,T,L
20200911,LG,0,27.0,8.0,8.0,41.0,38.0,13.0,3.0,1.0,0.0,0.0,0.0,2.0,4.0,130.0,4.34,B,L
20200911,LT,0,27.0,4.0,3.0,38.0,36.0,8.0,0.0,0.0,2.0,1.0,0.0,0.0,9.0,162.0,8.23,B,W
20200911,NC,0,27.0,1.0,1.0,38.0,31.0,6.0,0.0,1.0,1.0,5.0,0.0,1.0,10.0,153.0,6.01,B,W
20200911,SK,0,27.0,3.0,3.0,38.0,34.0,6.0,1.0,0.0,0.0,4.0,0.0,0.0,12.0,162.0,5.32,T,W
20200911,SS,0,24.0,12.0,12.0,45.0,37.0,14.0,2.0,0.0,1.0,8.0,0.0,0.0,8.0,182.0,9.66,T,L
20200911,WO,0,27.0,2.0,2.0,38.0,33.0,8.0,1.0,0.0,0.0,3.0,0.0,0.0,11.0,153.0,7.1,T,W
20200912,HH,0,24.0,5.0,5.0,38.0,31.0,9.0,1.0,0.0,0.0,5.0,0.0,1.0,3.0,160.0,7.5,T,L
20200912,HT,0,27.0,3.0,3.0,35.0,32.0,6.0,1.0,0.0,1.0,3.0,0.0,0.0,7.0,155.0,6.9399999999999995,T,W
20200912,KT,0,27.0,2.0,2.0,36.0,35.0,7.0,0.0,0.0,0.0,1.0,0.0,0.0,10.0,126.0,4.83,B,W
20200912,LG,0,27.0,5.0,5.0,36.0,32.0,7.0,0.0,1.0,2.0,4.0,0.0,0.0,8.0,151.0,6.370000000000001,B,L
20200912,LT,0,24.0,2.0,1.0,32.0,29.0,5.0,1.0,0.0,0.0,3.0,0.0,0.0,2.0,125.0,4.09,T,L
20200912,NC,0,27.0,11.0,10.0,48.0,40.0,14.0,5.0,0.0,2.0,6.0,0.0,2.0,2.0,188.0,11.66,B,L
20200912,OB,0,24.0,2.0,2.0,36.0,31.0,9.0,2.0,0.0,0.0,3.0,0.0,1.0,6.0,141.0,6.28,T,L
20200912,SK,0,27.0,1.0,1.0,36.0,30.0,6.0,0.0,0.0,0.0,5.0,0.0,0.0,6.0,145.0,5.93,B,W
20200912,SS,0,27.0,1.0,1.0,30.0,29.0,2.0,0.0,0.0,1.0,1.0,0.0,0.0,6.0,122.0,2.5700000000000003,T,W
20200912,WO,0,27.0,0.0,0.0,31.0,29.0,4.0,1.0,0.0,0.0,2.0,0.0,0.0,8.0,123.0,4.91,B,W
20200913,HH,0,26.0,5.0,5.0,39.0,33.0,12.0,1.0,0.0,0.0,3.0,0.0,0.0,11.0,154.0,10.42,T,L
20200913,HT,0,27.0,3.0,3.0,41.0,32.0,8.0,0.0,0.0,0.0,4.0,0.0,2.0,6.0,156.0,6.99,T,W
20200913,KT,0,27.0,4.0,3.0,39.0,30.0,6.0,1.0,0.0,0.0,5.0,0.0,2.0,6.0,166.0,7.739999999999999,B,W
20200913,LG,0,27.0,11.0,9.0,51.0,42.0,18.0,1.0,1.0,1.0,5.0,0.0,0.0,5.0,191.0,7.8100000000000005,B,L
20200913,LT,0,24.0,3.0,3.0,29.0,27.0,4.0,0.0,0.0,2.0,1.0,0.0,1.0,5.0,96.0,2.4699999999999998,T,L
20200913,NC,0,27.0,4.0,4.0,38.0,33.0,10.0,1.0,0.0,0.0,3.0,0.0,0.0,5.0,150.0,6.6899999999999995,B,L
20200913,OB,0,36.0,6.0,6.0,60.0,49.0,13.0,1.0,0.0,0.0,10.0,1.0,1.0,15.0,242.0,11.819999999999999,T,D
20200913,SK,0,27.0,1.0,1.0,36.0,29.0,5.0,0.0,0.0,0.0,5.0,0.0,1.0,1.0,126.0,6.869999999999999,B,W
20200913,SS,0,27.0,0.0,0.0,32.0,31.0,4.0,1.0,0.0,0.0,1.0,0.0,0.0,10.0,110.0,1.33,T,W
20200913,WO,0,36.0,6.0,5.0,56.0,48.0,15.0,2.0,0.0,0.0,7.0,0.0,0.0,7.0,223.0,14.12,B,D
20200915,HH,0,30.0,5.0,4.0,42.0,39.0,8.0,2.0,0.0,1.0,3.0,0.0,0.0,14.0,185.0,8.479999999999999,B,W
20200915,HT,0,27.0,16.0,15.0,52.0,40.0,17.0,1.0,0.0,2.0,9.0,0.0,1.0,5.0,190.0,12.84,B,L
20200915,KT,0,27.0,7.0,6.0,42.0,37.0,14.0,1.0,0.0,1.0,4.0,1.0,0.0,1.0,137.0,4.93,B,L
20200915,LG,0,29.0,6.0,6.0,45.0,38.0,11.0,1.0,0.0,0.0,5.0,0.0,2.0,10.0,161.0,6.92,T,L
20200915,LT,0,27.0,5.0,5.0,46.0,38.0,11.0,1.0,0.0,0.0,7.0,0.0,1.0,7.0,190.0,8.309999999999999,T,W
20200915,NC,0,24.0,7.0,5.0,35.0,30.0,8.0,3.0,0.0,0.0,2.0,0.0,2.0,3.0,128.0,3.17,T,L
20200915,OB,0,27.0,3.0,3.0,37.0,33.0,6.0,1.0,1.0,0.0,3.0,0.0,1.0,5.0,150.0,7.159999999999999,B,W
20200915,SK,0,27.0,1.0,1.0,34.0,29.0,5.0,0.0,0.0,0.0,5.0,0.0,0.0,4.0,138.0,7.67,T,W
20200915,SS,0,27.0,0.0,0.0,38.0,36.0,8.0,1.0,0.0,0.0,2.0,0.0,0.0,11.0,171.0,5.220000000000001,T,W
20200915,WO,0,27.0,8.0,8.0,39.0,33.0,10.0,3.0,0.0,1.0,5.0,0.0,0.0,3.0,162.0,10.2,B,L
20200916,HH,0,27.0,11.0,10.0,46.0,40.0,15.0,8.0,0.0,0.0,6.0,0.0,0.0,5.0,162.0,7.8,B,L
20200916,HT,0,27.0,7.0,5.0,45.0,37.0,11.0,4.0,0.0,0.0,8.0,1.0,0.0,5.0,193.0,9.37,B,L
20200916,KT,0,27.0,6.0,6.0,45.0,39.0,14.0,1.0,0.0,0.0,6.0,0.0,0.0,4.0,171.0,19.01,B,W
20200916,LG,0,27.0,5.0,5.0,39.0,35.0,9.0,0.0,1.0,2.0,3.0,0.0,1.0,11.0,148.0,5.03,T,W
20200916,LT,0,27.0,2.0,1.0,37.0,32.0,4.0,1.0,0.0,0.0,4.0,0.0,1.0,12.0,160.0,4.390000000000001,T,W
20200916,NC,0,27.0,3.0,3.0,33.0,32.0,7.0,1.0,0.0,0.0,0.0,0.0,1.0,6.0,133.0,6.94,T,W
20200916,OB,0,27.0,5.0,4.0,39.0,34.0,8.0,1.0,0.0,2.0,4.0,0.0,0.0,10.0,158.0,10.379999999999999,B,L
20200916,SK,0,27.0,6.0,6.0,41.0,33.0,10.0,1.0,0.0,1.0,4.0,0.0,2.0,6.0,162.0,8.6,T,W
20200916,SS,0,24.0,11.0,11.0,46.0,43.0,19.0,4.0,0.0,1.0,2.0,0.0,1.0,8.0,190.0,11.409999999999998,T,L
20200916,WO,0,27.0,8.0,8.0,44.0,39.0,14.0,4.0,0.0,0.0,4.0,0.0,0.0,6.0,173.0,9.680000000000001,B,L
20200917,HH,0,24.0,5.0,5.0,35.0,26.0,4.0,2.0,0.0,0.0,8.0,0.0,0.0,9.0,152.0,7.47,T,L
20200917,HT,0,27.0,2.0,2.0,37.0,33.0,7.0,0.0,0.0,0.0,3.0,0.0,0.0,11.0,153.0,8.399999999999999,T,W
20200917,KT,0,27.0,0.0,0.0,33.0,33.0,6.0,0.0,0.0,0.0,0.0,0.0,0.0,5.0,105.0,2.5,B,W
20200917,LG,0,27.0,1.0,1.0,34.0,34.0,8.0,2.0,0.0,0.0,0.0,0.0,0.0,5.0,127.0,2.58,B,W
20200917,LT,0,24.0,9.0,9.0,39.0,34.0,8.0,0.0,0.0,2.0,4.0,0.0,0.0,6.0,158.0,10.24,T,L
20200917,NC,0,27.0,0.0,0.0,33.0,30.0,4.0,0.0,0.0,0.0,1.0,0.0,1.0,11.0,124.0,3.8400000000000003,T,W
20200917,OB,0,24.0,3.0,3.0,35.0,31.0,9.0,1.0,1.0,0.0,3.0,1.0,0.0,8.0,157.0,4.87,T,L
20200917,SK,0,27.0,3.0,3.0,38.0,34.0,9.0,1.0,0.0,2.0,3.0,1.0,0.0,6.0,146.0,10.93,B,L
20200917,SS,0,27.0,12.0,12.0,44.0,40.0,16.0,4.0,0.0,3.0,3.0,0.0,0.0,6.0,167.0,8.13,B,L
20200917,WO,0,27.0,2.0,2.0,32.0,29.0,3.0,0.0,0.0,0.0,1.0,0.0,1.0,13.0,128.0,3.51,B,W
20200918,HH,0,27.0,0.0,0.0,34.0,31.0,4.0,2.0,0.0,0.0,3.0,0.0,0.0,9.0,135.0,7.069999999999999,T,W
20200918,HT,0,27.0,5.0,3.0,40.0,35.0,9.0,2.0,0.0,0.0,4.0,0.0,0.0,9.0,155.0,8.69,T,W
20200918,KT,0,33.0,4.0,3.0,45.0,41.0,11.0,1.0,0.0,1.0,2.0,0.0,0.0,4.0,159.0,7.899999999999999,B,W
20200918,LG,0,27.0,5.0,3.0,40.0,36.0,8.0,1.0,0.0,0.0,4.0,0.0,0.0,8.0,149.0,6.510000000000001,B,L
20200918,LT,0,27.0,3.0,3.0,38.0,34.0,7.0,1.0,0.0,1.0,4.0,0.0,0.0,6.0,146.0,5.27,T,W
20200918,NC,0,27.0,5.0,5.0,37.0,31.0,8.0,2.0,0.0,3.0,6.0,0.0,0.0,4.0,145.0,8.290000000000001,T,W
20200918,OB,0,31.0,5.0,5.0,46.0,40.0,11.0,1.0,0.0,2.0,4.0,1.0,1.0,11.0,183.0,7.299999999999999,T,L
20200918,SK,0,27.0,9.0,9.0,40.0,31.0,8.0,0.0,1.0,1.0,5.0,0.0,2.0,6.0,157.0,7.3500000000000005,B,L
20200918,SS,0,27.0,13.0,13.0,49.0,39.0,15.0,2.0,0.0,2.0,5.0,0.0,3.0,4.0,207.0,9.6,B,L
20200918,WO,0,27.0,2.0,1.0,37.0,36.0,8.0,1.0,0.0,0.0,0.0,0.0,1.0,10.0,149.0,5.57,B,L
20200919,HH,0,24.0,8.0,6.0,35.0,29.0,10.0,2.0,0.0,0.0,3.0,0.0,1.0,4.0,151.0,7.26,T,L
20200919,HT,0,27.0,0.0,0.0,31.0,31.0,5.0,0.0,0.0,0.0,0.0,0.0,0.0,11.0,108.0,5.17,B,W
20200919,KT,0,27.0,0.0,0.0,34.0,30.0,3.0,0.0,0.0,0.0,4.0,0.0,0.0,6.0,138.0,7.58,T,W
20200919,LG,0,27.0,6.0,6.0,39.0,36.0,10.0,2.0,0.0,2.0,3.0,0.0,0.0,8.0,164.0,6.83,T,W
20200919,LT,0,27.0,1.0,1.0,36.0,34.0,10.0,0.0,0.0,1.0,1.0,0.0,1.0,7.0,127.0,4.92,B,W
20200919,NC,0,24.0,5.0,5.0,38.0,30.0,7.0,1.0,0.0,2.0,7.0,0.0,1.0,8.0,167.0,4.970000000000001,T,L
20200919,OB,0,27.0,9.0,9.0,47.0,40.0,18.0,1.0,0.0,2.0,3.0,0.0,1.0,6.0,178.0,10.27,B,L
20200919,SK,0,27.0,5.0,2.0,41.0,34.0,8.0,0.0,0.0,0.0,6.0,0.0,0.0,11.0,157.0,8.28,B,L
20200919,SS,0,27.0,8.0,8.0,43.0,39.0,15.0,3.0,0.0,0.0,3.0,0.0,0.0,12.0,180.0,10.859999999999998,B,L
20200919,WO,0,27.0,7.0,6.0,40.0,37.0,11.0,3.0,0.0,2.0,2.0,0.0,1.0,6.0,153.0,6.390000000000001,T,W
20200920,HH,0,27.0,3.0,3.0,38.0,33.0,9.0,1.0,0.0,1.0,4.0,0.0,0.0,7.0,157.0,6.9,T,W
20200920,HT,0,27.0,11.0,11.0,50.0,40.0,16.0,4.0,0.0,1.0,6.0,0.0,2.0,10.0,217.0,15.290000000000003,B,L
20200920,KT,0,27.0,2.0,1.0,31.0,28.0,3.0,1.0,0.0,0.0,3.0,0.0,0.0,4.0,141.0,4.95,T,W
20200920,LG,0,26.0,6.0,6.0,45.0,31.0,9.0,1.0,0.0,1.0,12.0,0.0,2.0,6.0,191.0,10.61,T,L
20200920,LT,0,54.0,13.0,13.0,82.0,72.0,23.0,1.0,1.0,2.0,6.0,3.0,0.0,14.0,300.0,12.410000000000002,B,L
20200920,NC,0,52.0,4.0,3.0,77.0,69.0,19.0,1.0,0.0,1.0,8.0,0.0,0.0,17.0,325.0,14.269999999999996,T,W
20200920,NC,1,2.0,0.0,0.0,2.0,2.0,0.0,0.0,0.0,0.0,0.0,0.0,0.0,0.0,5.0,1.16,T,W
20200920,OB,0,27.0,5.0,5.0,38.0,37.0,10.0,3.0,1.0,2.0,1.0,0.0,0.0,11.0,158.0,7.2,B,W
20200920,SK,0,27.0,10.0,6.0,43.0,37.0,11.0,2.0,0.0,1.0,4.0,0.0,1.0,10.0,171.0,8.28,B,L
20200920,SS,0,27.0,6.0,6.0,41.0,37.0,13.0,2.0,0.0,1.0,4.0,0.0,0.0,7.0,161.0,6.699999999999999,B,W
20200920,WO,0,24.0,14.0,9.0,48.0,42.0,18.0,0.0,0.0,3.0,5.0,0.0,0.0,6.0,192.0,11.860000000000001,T,L
20200922,HH,0,27.0,1.0,1.0,33.0,29.0,6.0,0.0,0.0,1.0,3.0,0.0,1.0,5.0,125.0,5.5200000000000005,B,W
20200922,HT,0,27.0,2.0,1.0,35.0,32.0,5.0,1.0,0.0,0.0,3.0,0.0,0.0,3.0,131.0,6.640000000000001,B,L
20200922,KT,0,24.0,8.0,8.0,36.0,31.0,10.0,0.0,0.0,2.0,5.0,2.0,0.0,5.0,130.0,6.78,T,L
20200922,LG,0,27.0,2.0,2.0,32.0,31.0,3.0,0.0,0.0,1.0,1.0,0.0,0.0,9.0,141.0,5.72,B,W
20200922,LT,0,27.0,0.0,0.0,30.0,28.0,2.0,0.0,0.0,0.0,2.0,0.0,0.0,10.0,122.0,4.12,B,W
20200922,NC,0,27.0,2.0,2.0,34.0,33.0,6.0,0.0,0.0,0.0,1.0,0.0,0.0,11.0,146.0,5.2299999999999995,B,W
20200922,OB,0,24.0,5.0,5.0,35.0,29.0,6.0,0.0,0.0,1.0,4.0,0.0,1.0,16.0,145.0,6.07,T,L
20200922,SK,0,24.0,7.0,7.0,35.0,30.0,7.0,1.0,0.0,0.0,5.0,0.0,0.0,5.0,149.0,6.34,T,L
20200922,SS,0,24.0,3.0,0.0,36.0,30.0,6.0,1.0,0.0,0.0,4.0,0.0,2.0,4.0,155.0,8.64,T,L
20200922,WO,0,27.0,0.0,0.0,33.0,30.0,4.0,0.0,0.0,0.0,3.0,0.0,0.0,8.0,131.0,3.61,T,W
20200923,HH,0,27.0,5.0,5.0,43.0,37.0,11.0,5.0,0.0,0.0,5.0,0.0,0.0,6.0,165.0,8.47,B,W
20200923,HT,0,27.0,13.0,13.0,48.0,42.0,17.0,3.0,2.0,2.0,4.0,0.0,1.0,6.0,159.0,7.9799999999999995,B,L
20200923,KT,0,27.0,5.0,5.0,41.0,33.0,9.0,1.0,0.0,1.0,8.0,0.0,0.0,7.0,170.0,7.26,T,W
20200923,LG,0,27.0,2.0,1.0,36.0,33.0,8.0,3.0,0.0,0.0,1.0,0.0,0.0,10.0,138.0,3.55,B,W
20200923,LT,0,27.0,10.0,9.0,46.0,42.0,16.0,3.0,0.0,1.0,3.0,0.0,1.0,5.0,167.0,8.41,B,L
20200923,NC,0,27.0,7.0,7.0,39.0,36.0,10.0,2.0,1.0,1.0,2.0,0.0,0.0,11.0,143.0,6.300000000000001,B,W
20200923,OB,0,24.0,6.0,6.0,38.0,34.0,12.0,3.0,0.0,1.0,2.0,0.0,1.0,13.0,159.0,7.25,T,L
20200923,SK,0,24.0,6.0,6.0,33.0,31.0,10.0,2.0,0.0,1.0,1.0,0.0,0.0,6.0,145.0,5.220000000000001,T,L
20200923,SS,0,24.0,8.0,8.0,36.0,30.0,10.0,1.0,0.0,1.0,5.0,0.0,0.0,7.0,143.0,10.27,T,L
20200923,WO,0,27.0,1.0,1.0,34.0,32.0,5.0,0.0,0.0,1.0,1.0,0.0,1.0,7.0,133.0,6.210000000000001,T,W
