GDAY_DS,T_ID,HEADER_NO,START_CK,AB,RUN,HIT,H2,H3,HR,TB,RBI,SB,CS,BB,HP,IB,KK,GD,SH,SF,PA,TB_SC
20200721,HH,0,9.0,29.0,2.0,3.0,0.0,0.0,1.0,6.0,2.0,0.0,0.0,2.0,1.0,0.0,7.0,1.0,0.0,0.0,32.0,B
20200721,HT,0,9.0,41.0,10.0,16.0,2.0,0.0,2.0,24.0,9.0,0.0,1.0,8.0,1.0,0.0,8.0,2.0,0.0,0.0,50.0,T
20200721,KT,0,9.0,34.0,10.0,12.0,0.0,0.0,3.0,21.0,10.0,1.0,0.0,4.0,0.0,0.0,7.0,1.0,1.0,0.0,39.0,B
20200721,LG,0,9.0,38.0,9.0,13.0,4.0,0.0,2.0,23.0,9.0,0.0,1.0,6.0,0.0,0.0,7.0,1.0,0.0,0.0,44.0,T
20200721,LT,0,9.0,35.0,7.0,10.0,1.0,0.0,1.0,14.0,7.0,1.0,0.0,5.0,0.0,0.0,4.0,1.0,0.0,0.0,40.0,T
20200721,NC,0,9.0,38.0,6.0,13.0,3.0,0.0,3.0,25.0,6.0,0.0,2.0,2.0,1.0,1.0,7.0,0.0,1.0,0.0,42.0,B
20200721,OB,0,9.0,31.0,6.0,7.0,2.0,1.0,1.0,14.0,6.0,2.0,0.0,1.0,0.0,0.0,6.0,0.0,0.0,0.0,32.0,B
20200721,SK,0,9.0,34.0,8.0,13.0,1.0,0.0,3.0,23.0,8.0,2.0,0.0,4.0,0.0,0.0,6.0,1.0,1.0,1.0,40.0,B
20200721,SS,0,9.0,36.0,5.0,9.0,0.0,0.0,1.0,12.0,5.0,3.0,0.0,4.0,0.0,0.0,7.0,2.0,1.0,0.0,41.0,T
20200721,WO,0,9.0,35.0,1.0,9.0,1.0,0.0,0.0,10.0,1.0,0.0,1.0,1.0,0.0,0.0,9.0,0.0,0.0,0.0,36.0,T
20200722,HH,0,9.0,29.0,1.0,4.0,1.0,0.0,0.0,5.0,1.0,0.0,0.0,5.0,0.0,0.0,14.0,1.0,1.0,0.0,35.0,B
20200722,HT,0,9.0,30.0,2.0,5.0,0.0,0.0,0.0,5.0,2.0,0.0,0.0,3.0,1.0,0.0,10.0,0.0,3.0,0.0,37.0,T
20200724,HH,0,9.0,29.0,4.0,5.0,0.0,0.0,0.0,5.0,3.0,1.0,2.0,7.0,0.0,0.0,11.0,1.0,0.0,0.0,36.0,B
20200724,KT,0,9.0,33.0,2.0,6.0,1.0,0.0,1.0,10.0,1.0,2.0,1.0,6.0,0.0,0.0,10.0,0.0,0.0,0.0,39.0,B
20200724,LG,0,9.0,40.0,8.0,15.0,2.0,1.0,2.0,25.0,8.0,1.0,0.0,5.0,1.0,1.0,3.0,1.0,0.0,0.0,46.0,T
20200724,LT,0,9.0,33.0,4.0,9.0,1.0,0.0,0.0,10.0,3.0,2.0,2.0,6.0,0.0,0.0,8.0,1.0,1.0,0.0,40.0,T
20200724,NC,0,9.0,32.0,3.0,7.0,2.0,0.0,1.0,12.0,3.0,1.0,0.0,3.0,0.0,0.0,11.0,0.0,2.0,0.0,37.0,T
20200724,OB,0,9.0,31.0,1.0,8.0,3.0,0.0,0.0,11.0,1.0,1.0,1.0,4.0,0.0,0.0,4.0,2.0,0.0,0.0,35.0,B
20200724,SK,0,9.0,34.0,7.0,8.0,1.0,0.0,3.0,18.0,7.0,1.0,0.0,5.0,0.0,0.0,13.0,0.0,0.0,1.0,40.0,T
20200724,WO,0,9.0,31.0,2.0,6.0,2.0,0.0,1.0,11.0,2.0,1.0,0.0,2.0,0.0,0.0,12.0,1.0,0.0,1.0,34.0,B
20200725,HT,0,9.0,31.0,8.0,11.0,2.0,0.0,0.0,13.0,8.0,0.0,0.0,3.0,0.0,1.0,9.0,1.0,2.0,1.0,37.0,B
20200725,KT,0,9.0,29.0,6.0,8.0,4.0,0.0,1.0,15.0,6.0,0.0,1.0,4.0,0.0,0.0,9.0,2.0,0.0,0.0,33.0,B
20200725,LG,0,9.0,35.0,3.0,10.0,3.0,0.0,0.0,13.0,2.0,0.0,0.0,1.0,0.0,0.0,8.0,3.0,0.0,0.0,36.0,T
20200725,LT,0,9.0,35.0,6.0,9.0,2.0,0.0,0.0,11.0,6.0,0.0,1.0,3.0,2.0,0.0,11.0,0.0,0.0,0.0,40.0,T
20200725,NC,0,9.0,31.0,2.0,6.0,0.0,0.0,0.0,6.0,2.0,0.0,1.0,4.0,0.0,0.0,3.0,0.0,0.0,1.0,36.0,T
20200725,OB,0,9.0,31.0,7.0,10.0,4.0,0.0,1.0,17.0,7.0,0.0,1.0,2.0,0.0,0.0,6.0,0.0,0.0,1.0,34.0,B
20200725,SS,0,9.0,32.0,2.0,7.0,1.0,0.0,0.0,8.0,2.0,1.0,1.0,6.0,0.0,0.0,10.0,0.0,0.0,0.0,38.0,T
20200725,WO,0,9.0,27.0,3.0,3.0,1.0,0.0,0.0,4.0,3.0,0.0,0.0,6.0,1.0,0.0,8.0,1.0,1.0,1.0,36.0,B
20200726,HH,0,9.0,34.0,4.0,8.0,2.0,0.0,1.0,13.0,4.0,0.0,0.0,4.0,0.0,0.0,8.0,1.0,0.0,0.0,38.0,B
20200726,HT,0,9.0,37.0,8.0,12.0,2.0,1.0,0.0,16.0,6.0,0.0,0.0,3.0,1.0,0.0,5.0,0.0,0.0,0.0,41.0,B
20200726,KT,0,9.0,34.0,5.0,8.0,0.0,0.0,3.0,17.0,5.0,2.0,0.0,2.0,0.0,0.0,8.0,1.0,0.0,0.0,36.0,B
20200726,LG,0,9.0,33.0,4.0,7.0,0.0,1.0,0.0,9.0,4.0,2.0,0.0,2.0,0.0,0.0,8.0,1.0,0.0,1.0,36.0,T
20200726,LT,0,9.0,34.0,1.0,8.0,3.0,0.0,0.0,11.0,1.0,1.0,0.0,3.0,0.0,0.0,4.0,2.0,0.0,0.0,37.0,T
20200726,NC,0,9.0,32.0,4.0,7.0,1.0,0.0,2.0,14.0,4.0,1.0,0.0,1.0,0.0,0.0,7.0,1.0,0.0,1.0,34.0,T
20200726,OB,0,9.0,32.0,3.0,8.0,2.0,0.0,1.0,13.0,3.0,0.0,0.0,6.0,1.0,1.0,5.0,1.0,1.0,0.0,40.0,B
20200726,SK,0,9.0,35.0,7.0,10.0,2.0,0.0,0.0,12.0,7.0,1.0,0.0,5.0,2.0,0.0,5.0,1.0,0.0,0.0,42.0,T
20200726,SS,0,9.0,36.0,5.0,12.0,4.0,0.0,1.0,19.0,5.0,1.0,0.0,4.0,0.0,0.0,4.0,0.0,2.0,1.0,43.0,T
20200726,WO,0,9.0,35.0,8.0,13.0,4.0,0.0,0.0,17.0,8.0,0.0,1.0,4.0,1.0,1.0,5.0,1.0,0.0,0.0,40.0,B
20200727,HH,0,9.0,29.0,5.0,5.0,3.0,0.0,0.0,8.0,5.0,1.0,0.0,5.0,0.0,0.0,5.0,2.0,1.0,0.0,35.0,B
20200727,SK,0,9.0,32.0,5.0,10.0,3.0,0.0,1.0,16.0,5.0,1.0,0.0,3.0,1.0,0.0,5.0,3.0,1.0,0.0,37.0,T
20200728,LG,0,9.0,49.0,24.0,23.0,3.0,1.0,6.0,46.0,23.0,0.0,0.0,7.0,2.0,1.0,6.0,1.0,0.0,0.0,58.0,T
20200728,LT,0,9.0,36.0,11.0,14.0,3.0,0.0,2.0,23.0,11.0,0.0,0.0,8.0,0.0,1.0,6.0,1.0,1.0,1.0,46.0,B
20200728,NC,0,9.0,42.0,9.0,17.0,3.0,0.0,2.0,26.0,8.0,2.0,0.0,4.0,0.0,0.0,7.0,1.0,0.0,0.0,46.0,T
20200728,OB,0,9.0,36.0,2.0,9.0,2.0,0.0,1.0,14.0,2.0,0.0,0.0,2.0,0.0,0.0,4.0,0.0,0.0,0.0,38.0,B
20200728,SK,0,9.0,34.0,7.0,8.0,3.0,0.0,2.0,17.0,7.0,0.0,0.0,5.0,2.0,0.0,10.0,1.0,0.0,0.0,41.0,B
20200728,WO,0,9.0,34.0,6.0,8.0,2.0,0.0,1.0,13.0,5.0,0.0,0.0,5.0,2.0,1.0,6.0,0.0,1.0,1.0,43.0,T
20200729,HH,0,9.0,44.0,12.0,18.0,1.0,0.0,1.0,22.0,8.0,0.0,0.0,3.0,1.0,0.0,7.0,1.0,0.0,1.0,49.0,T
20200729,LG,0,9.0,36.0,11.0,13.0,0.0,0.0,3.0,22.0,11.0,1.0,0.0,8.0,1.0,0.0,7.0,2.0,0.0,0.0,45.0,T
20200729,SK,0,9.0,40.0,6.0,14.0,1.0,0.0,4.0,27.0,6.0,2.0,0.0,3.0,1.0,0.0,5.0,0.0,0.0,0.0,44.0,B
20200729,SS,0,9.0,34.0,7.0,9.0,1.0,0.0,2.0,16.0,7.0,1.0,1.0,8.0,2.0,0.0,7.0,1.0,0.0,0.0,44.0,B
20200730,HH,0,9.0,37.0,1.0,3.0,0.0,0.0,0.0,3.0,1.0,0.0,0.0,4.0,2.0,0.0,12.0,0.0,0.0,0.0,43.0,T
20200730,HT,0,9.0,33.0,1.0,8.0,3.0,0.0,0.0,11.0,1.0,0.0,0.0,1.0,1.0,0.0,8.0,1.0,1.0,0.0,36.0,B
20200730,KT,0,9.0,31.0,4.0,11.0,2.0,0.0,0.0,13.0,4.0,1.0,3.0,3.0,2.0,0.0,6.0,1.0,2.0,0.0,38.0,T
20200730,LG,0,9.0,39.0,9.0,13.0,3.0,0.0,1.0,19.0,9.0,1.0,0.0,5.0,1.0,0.0,6.0,1.0,0.0,0.0,45.0,T
20200730,OB,0,9.0,36.0,5.0,10.0,0.0,0.0,2.0,16.0,5.0,2.0,0.0,3.0,1.0,0.0,8.0,0.0,1.0,0.0,41.0,B
20200730,SK,0,9.0,30.0,1.0,4.0,3.0,0.0,0.0,7.0,1.0,0.0,0.0,3.0,1.0,0.0,8.0,0.0,0.0,0.0,34.0,B
20200730,SS,0,9.0,36.0,2.0,6.0,2.0,0.0,0.0,8.0,1.0,3.0,0.0,7.0,1.0,1.0,12.0,0.0,2.0,0.0,46.0,B
20200730,WO,0,9.0,34.0,8.0,13.0,2.0,0.0,1.0,18.0,8.0,2.0,0.0,3.0,1.0,0.0,2.0,2.0,1.0,0.0,39.0,T
20200731,HH,0,9.0,34.0,2.0,10.0,1.0,0.0,0.0,11.0,2.0,0.0,1.0,2.0,0.0,0.0,4.0,0.0,0.0,1.0,42.0,T
20200731,HT,0,9.0,34.0,3.0,8.0,1.0,0.0,0.0,9.0,2.0,0.0,0.0,4.0,0.0,0.0,10.0,1.0,0.0,0.0,38.0,T
20200731,KT,0,9.0,39.0,11.0,16.0,3.0,0.0,4.0,31.0,11.0,0.0,1.0,3.0,0.0,0.0,8.0,0.0,0.0,0.0,42.0,B
20200731,LG,0,9.0,29.0,1.0,4.0,2.0,0.0,0.0,6.0,1.0,0.0,1.0,2.0,0.0,0.0,9.0,0.0,0.0,0.0,31.0,B
20200731,LT,0,9.0,33.0,2.0,6.0,2.0,0.0,0.0,8.0,1.0,0.0,0.0,3.0,0.0,0.0,5.0,3.0,0.0,0.0,36.0,B
20200731,NC,0,9.0,37.0,10.0,14.0,4.0,0.0,1.0,21.0,10.0,2.0,0.0,3.0,2.0,0.0,7.0,1.0,0.0,0.0,42.0,B
20200731,OB,0,9.0,39.0,7.0,14.0,2.0,0.0,1.0,19.0,7.0,2.0,0.0,4.0,0.0,0.0,8.0,1.0,1.0,0.0,44.0,T
20200731,SK,0,9.0,31.0,1.0,4.0,0.0,0.0,1.0,7.0,1.0,0.0,0.0,5.0,0.0,0.0,5.0,1.0,0.0,0.0,36.0,T
20200731,SS,0,9.0,35.0,3.0,8.0,1.0,0.0,0.0,9.0,3.0,0.0,1.0,3.0,2.0,1.0,5.0,0.0,0.0,0.0,40.0,B
20200731,WO,0,9.0,36.0,10.0,10.0,2.0,0.0,3.0,21.0,9.0,1.0,0.0,6.0,0.0,0.0,7.0,1.0,0.0,0.0,42.0,T
20200801,HH,0,9.0,34.0,6.0,8.0,2.0,0.0,1.0,13.0,6.0,1.0,0.0,5.0,1.0,0.0,8.0,0.0,0.0,0.0,42.0,T
20200801,HT,0,9.0,34.0,3.0,9.0,2.0,0.0,1.0,14.0,3.0,0.0,0.0,2.0,0.0,0.0,9.0,1.0,0.0,0.0,36.0,T
20200801,KT,0,9.0,36.0,11.0,13.0,1.0,1.0,3.0,25.0,10.0,0.0,0.0,5.0,0.0,0.0,2.0,2.0,0.0,0.0,41.0,B
20200801,LG,0,9.0,39.0,9.0,15.0,3.0,0.0,0.0,18.0,9.0,0.0,0.0,1.0,1.0,0.0,7.0,0.0,0.0,0.0,41.0,B
20200801,LT,0,9.0,31.0,7.0,10.0,3.0,0.0,2.0,19.0,6.0,0.0,1.0,5.0,0.0,0.0,3.0,2.0,0.0,1.0,37.0,B
20200801,NC,0,9.0,45.0,10.0,15.0,4.0,0.0,2.0,25.0,10.0,2.0,0.0,7.0,0.0,0.0,8.0,0.0,0.0,0.0,52.0,B
20200801,OB,0,9.0,45.0,12.0,17.0,2.0,1.0,0.0,21.0,12.0,2.0,0.0,4.0,0.0,1.0,9.0,1.0,1.0,1.0,51.0,T
20200801,SK,0,9.0,32.0,0.0,6.0,1.0,0.0,0.0,7.0,0.0,0.0,0.0,2.0,0.0,0.0,5.0,1.0,0.0,0.0,34.0,T
20200801,SS,0,9.0,34.0,7.0,8.0,4.0,0.0,0.0,12.0,7.0,0.0,1.0,4.0,2.0,0.0,8.0,0.0,0.0,0.0,40.0,B
20200801,WO,0,9.0,48.0,22.0,23.0,7.0,0.0,1.0,33.0,21.0,1.0,0.0,11.0,1.0,0.0,6.0,0.0,1.0,1.0,62.0,T
20200802,HT,0,9.0,30.0,0.0,4.0,2.0,0.0,0.0,6.0,0.0,0.0,0.0,2.0,0.0,0.0,10.0,1.0,0.0,0.0,32.0,T
20200802,LT,0,9.0,34.0,8.0,11.0,4.0,0.0,0.0,15.0,8.0,0.0,0.0,4.0,0.0,0.0,6.0,2.0,1.0,0.0,39.0,B
20200802,NC,0,9.0,42.0,4.0,8.0,1.0,0.0,2.0,15.0,4.0,0.0,0.0,3.0,2.0,0.0,10.0,1.0,0.0,0.0,47.0,B
20200802,OB,0,9.0,48.0,7.0,15.0,5.0,0.0,0.0,20.0,7.0,2.0,1.0,2.0,0.0,0.0,8.0,2.0,0.0,1.0,51.0,T
20200802,SS,0,9.0,39.0,2.0,10.0,1.0,0.0,1.0,14.0,2.0,1.0,0.0,2.0,0.0,0.0,8.0,0.0,0.0,0.0,41.0,B
20200802,WO,0,9.0,38.0,4.0,10.0,2.0,0.0,0.0,12.0,4.0,0.0,0.0,2.0,0.0,1.0,4.0,2.0,0.0,1.0,41.0,T
20200804,HT,0,9.0,36.0,5.0,8.0,1.0,0.0,1.0,12.0,5.0,0.0,0.0,4.0,0.0,0.0,10.0,0.0,0.0,0.0,40.0,B
20200804,KT,0,9.0,32.0,4.0,11.0,1.0,0.0,0.0,12.0,3.0,1.0,1.0,4.0,0.0,0.0,9.0,3.0,2.0,0.0,38.0,T
20200804,LG,0,9.0,41.0,15.0,16.0,1.0,2.0,3.0,30.0,15.0,0.0,0.0,5.0,1.0,0.0,9.0,1.0,0.0,0.0,47.0,T
20200804,LT,0,9.0,41.0,8.0,15.0,3.0,0.0,1.0,21.0,8.0,0.0,0.0,4.0,1.0,0.0,2.0,1.0,0.0,0.0,46.0,T
20200804,OB,0,9.0,36.0,3.0,9.0,1.0,0.0,1.0,13.0,3.0,0.0,0.0,1.0,0.0,0.0,4.0,0.0,0.0,0.0,37.0,B
20200804,SK,0,9.0,31.0,0.0,6.0,1.0,0.0,0.0,7.0,0.0,0.0,0.0,2.0,0.0,0.0,6.0,1.0,0.0,0.0,33.0,B
20200804,SS,0,9.0,34.0,6.0,7.0,2.0,0.0,1.0,12.0,5.0,1.0,0.0,6.0,1.0,1.0,10.0,0.0,0.0,0.0,41.0,T
20200804,WO,0,9.0,34.0,2.0,10.0,0.0,0.0,1.0,13.0,2.0,0.0,0.0,3.0,0.0,0.0,7.0,2.0,1.0,0.0,38.0,B
20200805,HH,0,9.0,33.0,8.0,12.0,2.0,0.0,1.0,17.0,6.0,0.0,0.0,5.0,2.0,0.0,5.0,2.0,1.0,2.0,48.0,B
20200805,HT,0,9.0,35.0,4.0,9.0,1.0,0.0,0.0,10.0,4.0,1.0,0.0,2.0,0.0,0.0,11.0,0.0,1.0,0.0,38.0,B
20200805,KT,0,9.0,34.0,3.0,10.0,1.0,0.0,1.0,14.0,3.0,0.0,2.0,1.0,1.0,0.0,3.0,1.0,0.0,0.0,36.0,T
20200805,LG,0,9.0,35.0,6.0,11.0,3.0,0.0,2.0,20.0,6.0,0.0,1.0,5.0,0.0,0.0,10.0,2.0,1.0,0.0,41.0,T
20200805,NC,0,9.0,30.0,5.0,6.0,0.0,1.0,0.0,8.0,5.0,0.0,0.0,9.0,2.0,1.0,4.0,1.0,1.0,1.0,43.0,T
20200805,OB,0,9.0,28.0,2.0,4.0,0.0,0.0,0.0,4.0,2.0,1.0,1.0,3.0,1.0,0.0,4.0,0.0,0.0,0.0,32.0,B
20200805,SS,0,9.0,34.0,2.0,12.0,2.0,0.0,0.0,14.0,2.0,1.0,1.0,4.0,0.0,2.0,4.0,1.0,2.0,0.0,40.0,T
20200805,WO,0,9.0,40.0,12.0,15.0,2.0,0.0,1.0,20.0,12.0,0.0,0.0,5.0,1.0,0.0,7.0,0.0,0.0,0.0,46.0,B
20200806,HH,0,9.0,29.0,1.0,5.0,0.0,0.0,0.0,5.0,1.0,0.0,1.0,4.0,0.0,0.0,6.0,1.0,1.0,0.0,37.0,B
20200806,HT,0,9.0,35.0,13.0,12.0,3.0,0.0,4.0,27.0,13.0,2.0,0.0,6.0,1.0,0.0,8.0,1.0,0.0,0.0,42.0,B
20200806,KT,0,9.0,32.0,2.0,4.0,1.0,0.0,1.0,8.0,2.0,1.0,0.0,2.0,0.0,0.0,9.0,0.0,0.0,0.0,34.0,T
20200806,LG,0,9.0,28.0,1.0,4.0,0.0,0.0,0.0,4.0,1.0,0.0,0.0,1.0,0.0,0.0,7.0,0.0,0.0,1.0,30.0,T
20200806,LT,0,9.0,33.0,8.0,6.0,0.0,0.0,2.0,12.0,8.0,0.0,0.0,4.0,2.0,0.0,6.0,0.0,0.0,0.0,39.0,T
20200806,NC,0,9.0,32.0,4.0,8.0,1.0,0.0,2.0,15.0,4.0,0.0,2.0,7.0,0.0,0.0,4.0,1.0,0.0,0.0,39.0,T
20200806,OB,0,9.0,31.0,5.0,7.0,1.0,1.0,0.0,10.0,5.0,0.0,0.0,4.0,0.0,0.0,7.0,0.0,1.0,0.0,36.0,B
20200806,SK,0,9.0,33.0,2.0,8.0,1.0,0.0,1.0,12.0,2.0,0.0,0.0,1.0,0.0,0.0,8.0,1.0,0.0,1.0,37.0,B
20200806,SS,0,9.0,38.0,2.0,11.0,0.0,0.0,0.0,11.0,2.0,3.0,0.0,2.0,0.0,0.0,7.0,0.0,0.0,0.0,40.0,T
20200806,WO,0,9.0,28.0,3.0,7.0,2.0,0.0,1.0,12.0,3.0,1.0,0.0,5.0,0.0,1.0,4.0,1.0,1.0,1.0,35.0,B
20200807,LG,0,9.0,36.0,5.0,10.0,0.0,1.0,1.0,15.0,5.0,0.0,0.0,2.0,0.0,0.0,10.0,1.0,0.0,1.0,39.0,T
20200807,LT,0,9.0,39.0,8.0,12.0,2.0,0.0,2.0,20.0,7.0,0.0,0.0,8.0,1.0,0.0,6.0,1.0,0.0,1.0,49.0,T
20200807,OB,0,9.0,35.0,4.0,11.0,1.0,0.0,0.0,12.0,4.0,2.0,0.0,1.0,0.0,0.0,2.0,1.0,0.0,2.0,38.0,B
20200807,SK,0,9.0,32.0,0.0,4.0,1.0,0.0,0.0,5.0,0.0,0.0,0.0,2.0,0.0,0.0,7.0,0.0,0.0,0.0,38.0,B
20200807,SS,0,9.0,29.0,2.0,6.0,1.0,0.0,1.0,10.0,2.0,2.0,2.0,4.0,2.0,0.0,7.0,1.0,1.0,0.0,36.0,T
20200807,WO,0,9.0,32.0,2.0,6.0,2.0,0.0,0.0,8.0,2.0,0.0,0.0,4.0,1.0,0.0,8.0,0.0,0.0,1.0,38.0,B
20200808,HT,0,9.0,28.0,3.0,4.0,1.0,0.0,1.0,8.0,3.0,0.0,0.0,0.0,0.0,0.0,9.0,0.0,0.0,0.0,28.0,B
20200808,LG,0,9.0,32.0,1.0,8.0,2.0,0.0,1.0,13.0,1.0,0.0,0.0,3.0,0.0,0.0,4.0,0.0,0.0,0.0,35.0,T
20200808,LT,0,9.0,22.0,1.0,6.0,1.0,0.0,0.0,7.0,1.0,0.0,0.0,1.0,0.0,0.0,6.0,1.0,0.0,1.0,24.0,T
20200808,NC,0,9.0,31.0,2.0,6.0,1.0,2.0,0.0,11.0,2.0,2.0,1.0,7.0,2.0,0.0,6.0,1.0,0.0,0.0,40.0,T
20200808,OB,0,9.0,16.0,1.0,3.0,0.0,0.0,1.0,6.0,1.0,0.0,0.0,0.0,0.0,0.0,0.0,2.0,0.0,0.0,16.0,B
20200808,SK,0,9.0,19.0,4.0,3.0,2.0,1.0,0.0,7.0,2.0,0.0,0.0,2.0,1.0,0.0,0.0,0.0,0.0,0.0,24.0,B
20200808,SS,0,9.0,17.0,2.0,5.0,1.0,0.0,1.0,9.0,2.0,0.0,1.0,1.0,0.0,0.0,1.0,0.0,0.0,1.0,19.0,T
20200808,WO,0,9.0,32.0,5.0,9.0,1.0,0.0,1.0,13.0,5.0,1.0,0.0,3.0,0.0,0.0,7.0,1.0,0.0,0.0,35.0,B
20200809,HH,0,9.0,34.0,3.0,8.0,1.0,0.0,1.0,12.0,2.0,0.0,0.0,3.0,0.0,0.0,12.0,1.0,0.0,1.0,43.0,B
20200809,HT,0,9.0,32.0,1.0,4.0,0.0,0.0,0.0,4.0,1.0,0.0,0.0,9.0,0.0,0.0,7.0,0.0,0.0,0.0,41.0,B
20200809,KT,0,9.0,37.0,6.0,12.0,5.0,0.0,1.0,20.0,6.0,0.0,0.0,5.0,0.0,0.0,9.0,1.0,0.0,0.0,42.0,T
20200809,LG,0,9.0,30.0,1.0,4.0,2.0,0.0,1.0,9.0,1.0,0.0,0.0,1.0,0.0,0.0,8.0,1.0,0.0,0.0,31.0,T
20200809,NC,0,9.0,39.0,8.0,14.0,2.0,1.0,1.0,21.0,7.0,0.0,0.0,5.0,1.0,0.0,8.0,2.0,0.0,0.0,45.0,T
20200809,WO,0,9.0,28.0,2.0,7.0,0.0,0.0,0.0,7.0,1.0,2.0,0.0,3.0,1.0,0.0,6.0,2.0,2.0,0.0,34.0,B
20200811,HH,0,9.0,44.0,7.0,10.0,1.0,0.0,1.0,14.0,7.0,0.0,1.0,6.0,2.0,1.0,10.0,0.0,2.0,1.0,61.0,T
20200811,HT,0,9.0,35.0,8.0,11.0,3.0,0.0,0.0,14.0,8.0,0.0,0.0,6.0,1.0,0.0,3.0,1.0,1.0,0.0,43.0,T
20200811,KT,0,9.0,31.0,6.0,11.0,2.0,0.0,1.0,16.0,6.0,0.0,1.0,6.0,0.0,0.0,8.0,2.0,0.0,1.0,38.0,B
20200811,LG,0,9.0,36.0,4.0,9.0,2.0,0.0,1.0,14.0,4.0,0.0,0.0,1.0,0.0,0.0,11.0,0.0,0.0,0.0,37.0,B
20200811,OB,0,9.0,33.0,6.0,9.0,1.0,0.0,1.0,13.0,6.0,0.0,0.0,6.0,0.0,0.0,4.0,2.0,0.0,0.0,39.0,T
20200811,SK,0,9.0,30.0,1.0,4.0,0.0,0.0,0.0,4.0,0.0,0.0,0.0,4.0,0.0,0.0,8.0,2.0,0.0,0.0,36.0,T
20200811,SS,0,9.0,34.0,1.0,8.0,0.0,0.0,1.0,11.0,1.0,0.0,0.0,2.0,0.0,0.0,5.0,1.0,0.0,0.0,36.0,B
20200811,WO,0,9.0,45.0,5.0,12.0,1.0,0.0,1.0,16.0,5.0,2.0,0.0,7.0,1.0,0.0,13.0,0.0,2.0,1.0,56.0,B
20200812,HH,0,9.0,34.0,2.0,4.0,1.0,0.0,1.0,8.0,2.0,1.0,0.0,2.0,2.0,0.0,8.0,0.0,0.0,0.0,43.0,T
20200812,HT,0,9.0,29.0,0.0,2.0,0.0,0.0,0.0,2.0,0.0,0.0,0.0,5.0,1.0,0.0,14.0,0.0,0.0,0.0,35.0,T
20200812,KT,0,9.0,27.0,2.0,2.0,1.0,0.0,0.0,3.0,1.0,0.0,0.0,2.0,1.0,0.0,3.0,2.0,0.0,0.0,30.0,B
20200812,LG,0,9.0,34.0,8.0,12.0,5.0,0.0,0.0,17.0,8.0,1.0,0.0,3.0,0.0,0.0,9.0,2.0,0.0,0.0,37.0,B
20200812,LT,0,9.0,33.0,8.0,13.0,3.0,0.0,1.0,19.0,8.0,0.0,1.0,4.0,2.0,0.0,4.0,1.0,2.0,0.0,41.0,B
20200812,NC,0,9.0,35.0,4.0,9.0,1.0,0.0,0.0,10.0,4.0,0.0,0.0,5.0,0.0,0.0,8.0,0.0,1.0,0.0,41.0,T
20200812,OB,0,9.0,45.0,15.0,24.0,2.0,0.0,2.0,32.0,14.0,0.0,0.0,3.0,0.0,0.0,2.0,3.0,0.0,2.0,50.0,T
20200812,SK,0,9.0,36.0,11.0,12.0,3.0,0.0,1.0,18.0,11.0,1.0,0.0,9.0,1.0,0.0,5.0,1.0,0.0,0.0,46.0,T
20200812,SS,0,9.0,42.0,8.0,16.0,4.0,0.0,2.0,26.0,7.0,0.0,1.0,1.0,0.0,0.0,6.0,1.0,0.0,0.0,43.0,B
20200812,WO,0,9.0,30.0,3.0,9.0,2.0,0.0,1.0,14.0,3.0,1.0,2.0,6.0,1.0,0.0,3.0,3.0,1.0,1.0,39.0,B
20200813,HH,0,9.0,32.0,3.0,9.0,0.0,0.0,0.0,9.0,3.0,0.0,0.0,4.0,2.0,0.0,10.0,2.0,1.0,0.0,44.0,T
20200813,HT,0,9.0,32.0,2.0,5.0,1.0,0.0,1.0,9.0,1.0,1.0,0.0,1.0,0.0,0.0,8.0,0.0,0.0,0.0,33.0,T
20200813,KT,0,9.0,36.0,6.0,10.0,2.0,0.0,1.0,15.0,5.0,1.0,0.0,11.0,0.0,0.0,17.0,1.0,0.0,1.0,48.0,B
20200813,LG,0,9.0,29.0,4.0,8.0,1.0,0.0,2.0,15.0,4.0,0.0,1.0,4.0,1.0,0.0,6.0,0.0,1.0,0.0,35.0,B
20200813,LT,0,9.0,33.0,2.0,7.0,1.0,0.0,0.0,8.0,2.0,0.0,0.0,0.0,0.0,0.0,6.0,1.0,0.0,0.0,33.0,B
20200813,NC,0,9.0,39.0,9.0,14.0,1.0,0.0,1.0,18.0,8.0,0.0,0.0,3.0,1.0,0.0,7.0,1.0,0.0,0.0,43.0,T
20200813,OB,0,9.0,28.0,2.0,4.0,0.0,0.0,1.0,7.0,2.0,1.0,1.0,9.0,0.0,0.0,11.0,1.0,1.0,1.0,39.0,T
20200813,SK,0,9.0,41.0,10.0,16.0,1.0,0.0,1.0,20.0,10.0,0.0,0.0,4.0,0.0,0.0,5.0,0.0,0.0,2.0,52.0,T
20200813,SS,0,9.0,33.0,3.0,9.0,1.0,0.0,2.0,16.0,3.0,1.0,0.0,4.0,1.0,0.0,5.0,0.0,0.0,0.0,38.0,B
20200813,WO,0,9.0,31.0,6.0,11.0,1.0,1.0,1.0,17.0,6.0,1.0,0.0,3.0,0.0,0.0,4.0,1.0,2.0,0.0,36.0,B
20200814,HH,0,9.0,29.0,1.0,4.0,1.0,0.0,0.0,5.0,1.0,0.0,0.0,2.0,1.0,0.0,7.0,1.0,0.0,0.0,34.0,B
20200814,HT,0,9.0,31.0,7.0,7.0,2.0,0.0,1.0,12.0,6.0,0.0,0.0,8.0,1.0,0.0,3.0,0.0,0.0,0.0,40.0,B
20200814,KT,0,9.0,47.0,5.0,12.0,3.0,0.0,0.0,15.0,4.0,2.0,0.0,1.0,0.0,0.0,7.0,0.0,1.0,0.0,49.0,T
20200814,LG,0,9.0,43.0,10.0,18.0,2.0,1.0,4.0,34.0,10.0,0.0,0.0,5.0,0.0,0.0,6.0,1.0,1.0,0.0,49.0,T
20200814,LT,0,9.0,31.0,5.0,11.0,2.0,0.0,0.0,13.0,5.0,0.0,1.0,5.0,0.0,1.0,6.0,0.0,1.0,1.0,38.0,B
20200814,NC,0,9.0,36.0,4.0,8.0,3.0,0.0,0.0,11.0,4.0,1.0,0.0,3.0,1.0,0.0,13.0,0.0,0.0,0.0,40.0,B
20200814,OB,0,9.0,45.0,3.0,10.0,0.0,0.0,2.0,16.0,3.0,2.0,0.0,8.0,0.0,2.0,9.0,1.0,0.0,0.0,53.0,B
20200814,SK,0,9.0,31.0,6.0,12.0,1.0,0.0,0.0,13.0,6.0,3.0,2.0,8.0,1.0,0.0,6.0,2.0,2.0,1.0,42.0,T
20200814,SS,0,9.0,41.0,10.0,15.0,4.0,0.0,1.0,22.0,10.0,2.0,0.0,3.0,0.0,0.0,6.0,1.0,0.0,0.0,44.0,T
20200814,WO,0,9.0,32.0,1.0,5.0,2.0,0.0,0.0,7.0,1.0,0.0,0.0,3.0,0.0,0.0,7.0,1.0,0.0,0.0,35.0,T
20200815,HH,0,9.0,30.0,0.0,7.0,0.0,0.0,0.0,7.0,0.0,1.0,3.0,5.0,0.0,0.0,7.0,1.0,0.0,0.0,39.0,B
20200815,HT,0,9.0,41.0,10.0,17.0,2.0,1.0,1.0,24.0,10.0,0.0,0.0,3.0,0.0,0.0,5.0,0.0,0.0,0.0,44.0,B
20200815,KT,0,9.0,34.0,5.0,7.0,2.0,1.0,1.0,14.0,4.0,1.0,0.0,6.0,1.0,0.0,8.0,0.0,0.0,0.0,43.0,T
20200815,LG,0,9.0,40.0,13.0,15.0,4.0,0.0,2.0,25.0,11.0,0.0,0.0,3.0,1.0,0.0,9.0,0.0,0.0,1.0,45.0,T
20200815,LT,0,9.0,35.0,1.0,7.0,0.0,0.0,0.0,7.0,1.0,0.0,0.0,1.0,0.0,0.0,6.0,1.0,0.0,0.0,36.0,B
20200815,NC,0,9.0,34.0,4.0,10.0,0.0,0.0,2.0,16.0,4.0,0.0,0.0,2.0,1.0,0.0,13.0,1.0,0.0,1.0,38.0,B
20200815,OB,0,9.0,38.0,7.0,13.0,1.0,0.0,1.0,17.0,7.0,3.0,0.0,3.0,0.0,0.0,3.0,1.0,0.0,0.0,41.0,B
20200815,SK,0,9.0,33.0,3.0,9.0,2.0,0.0,0.0,11.0,3.0,0.0,1.0,3.0,0.0,0.0,1.0,2.0,0.0,0.0,33.0,T
20200815,SS,0,9.0,29.0,2.0,3.0,0.0,0.0,1.0,6.0,2.0,0.0,0.0,4.0,0.0,0.0,11.0,0.0,1.0,0.0,34.0,T
20200815,WO,0,9.0,34.0,3.0,9.0,4.0,0.0,0.0,13.0,3.0,0.0,0.0,2.0,0.0,0.0,4.0,1.0,0.0,0.0,36.0,T
20200816,HH,0,9.0,26.0,3.0,2.0,1.0,0.0,0.0,3.0,3.0,0.0,0.0,4.0,1.0,0.0,4.0,1.0,0.0,0.0,35.0,B
20200816,HT,0,9.0,38.0,8.0,15.0,2.0,0.0,1.0,20.0,7.0,0.0,1.0,3.0,0.0,0.0,10.0,0.0,0.0,0.0,41.0,B
20200816,KT,0,9.0,35.0,4.0,11.0,5.0,0.0,0.0,16.0,4.0,1.0,0.0,3.0,0.0,0.0,5.0,1.0,2.0,1.0,41.0,T
20200816,LG,0,9.0,32.0,6.0,7.0,0.0,0.0,2.0,13.0,6.0,0.0,1.0,8.0,0.0,0.0,3.0,1.0,1.0,0.0,41.0,T
20200816,LT,0,9.0,30.0,3.0,6.0,1.0,0.0,0.0,7.0,3.0,3.0,0.0,4.0,1.0,0.0,5.0,3.0,0.0,1.0,36.0,B
20200816,NC,0,9.0,34.0,5.0,9.0,5.0,0.0,0.0,14.0,5.0,0.0,0.0,2.0,1.0,0.0,6.0,2.0,0.0,0.0,37.0,B
20200816,OB,0,9.0,28.0,1.0,3.0,1.0,0.0,0.0,4.0,1.0,1.0,0.0,6.0,1.0,0.0,6.0,2.0,0.0,0.0,35.0,B
20200816,SK,0,9.0,34.0,5.0,7.0,2.0,0.0,0.0,9.0,5.0,0.0,0.0,7.0,0.0,0.0,13.0,0.0,0.0,0.0,40.0,T
20200816,SS,0,9.0,32.0,2.0,5.0,1.0,0.0,2.0,12.0,2.0,1.0,0.0,1.0,1.0,0.0,9.0,0.0,0.0,0.0,34.0,T
20200816,WO,0,9.0,35.0,6.0,9.0,5.0,0.0,1.0,17.0,5.0,1.0,0.0,2.0,3.0,0.0,4.0,0.0,0.0,1.0,41.0,T
20200818,HH,0,9.0,32.0,3.0,6.0,2.0,0.0,0.0,8.0,3.0,0.0,0.0,7.0,4.0,0.0,16.0,0.0,0.0,0.0,48.0,T
20200818,HT,0,9.0,40.0,5.0,11.0,2.0,0.0,0.0,13.0,5.0,0.0,0.0,5.0,0.0,0.0,8.0,0.0,1.0,0.0,46.0,T
20200818,KT,0,9.0,33.0,6.0,9.0,1.0,0.0,1.0,13.0,5.0,0.0,0.0,8.0,0.0,0.0,7.0,0.0,0.0,1.0,42.0,T
20200818,LG,0,9.0,37.0,6.0,12.0,1.0,0.0,2.0,19.0,6.0,1.0,0.0,2.0,0.0,0.0,13.0,2.0,0.0,1.0,40.0,B
20200818,LT,0,9.0,34.0,2.0,6.0,0.0,1.0,1.0,11.0,2.0,0.0,0.0,2.0,0.0,0.0,7.0,0.0,0.0,0.0,36.0,B
20200818,NC,0,9.0,27.0,5.0,7.0,3.0,0.0,1.0,13.0,5.0,0.0,1.0,2.0,1.0,0.0,4.0,1.0,1.0,1.0,32.0,B
20200818,OB,0,9.0,43.0,9.0,16.0,2.0,0.0,0.0,18.0,7.0,1.0,0.0,3.0,2.0,0.0,10.0,0.0,1.0,1.0,50.0,T
20200818,SK,0,9.0,31.0,9.0,8.0,2.0,0.0,2.0,16.0,8.0,0.0,0.0,5.0,2.0,0.0,4.0,0.0,1.0,1.0,40.0,B
20200818,SS,0,9.0,32.0,3.0,6.0,3.0,0.0,0.0,9.0,2.0,0.0,0.0,3.0,1.0,0.0,6.0,1.0,0.0,1.0,37.0,B
20200818,WO,0,9.0,34.0,1.0,7.0,0.0,0.0,0.0,7.0,1.0,1.0,0.0,0.0,1.0,0.0,6.0,0.0,0.0,0.0,35.0,T
20200819,HH,0,9.0,40.0,6.0,12.0,2.0,0.0,2.0,20.0,5.0,0.0,0.0,3.0,0.0,0.0,8.0,0.0,0.0,0.0,47.0,T
20200819,HT,0,9.0,34.0,1.0,8.0,0.0,0.0,0.0,8.0,1.0,0.0,0.0,2.0,0.0,0.0,9.0,1.0,0.0,0.0,36.0,T
20200819,KT,0,9.0,31.0,6.0,6.0,1.0,0.0,1.0,10.0,6.0,0.0,0.0,4.0,1.0,0.0,8.0,1.0,0.0,1.0,37.0,T
20200819,LG,0,9.0,34.0,10.0,12.0,2.0,2.0,1.0,21.0,9.0,1.0,0.0,9.0,1.0,0.0,3.0,2.0,0.0,1.0,45.0,B
20200819,LT,0,9.0,31.0,7.0,10.0,3.0,0.0,0.0,13.0,6.0,4.0,0.0,1.0,0.0,0.0,3.0,1.0,2.0,1.0,35.0,B
20200819,NC,0,9.0,36.0,4.0,7.0,1.0,0.0,1.0,11.0,4.0,0.0,0.0,4.0,0.0,0.0,7.0,0.0,0.0,0.0,40.0,B
20200819,OB,0,9.0,28.0,3.0,6.0,0.0,0.0,1.0,9.0,3.0,0.0,1.0,4.0,1.0,0.0,6.0,3.0,0.0,0.0,33.0,T
20200819,SK,0,9.0,46.0,26.0,22.0,4.0,0.0,6.0,44.0,26.0,0.0,1.0,10.0,1.0,0.0,4.0,0.0,0.0,0.0,67.0,B
20200819,SS,0,9.0,34.0,4.0,11.0,0.0,0.0,0.0,11.0,4.0,0.0,0.0,2.0,0.0,0.0,7.0,3.0,0.0,2.0,38.0,B
20200819,WO,0,9.0,35.0,6.0,8.0,3.0,0.0,1.0,14.0,6.0,1.0,0.0,3.0,2.0,0.0,5.0,1.0,0.0,0.0,40.0,T
20200820,HH,0,9.0,29.0,0.0,2.0,0.0,0.0,0.0,2.0,0.0,0.0,0.0,5.0,0.0,0.0,9.0,0.0,0.0,0.0,38.0,B
20200820,HT,0,9.0,33.0,2.0,5.0,0.0,0.0,0.0,5.0,1.0,0.0,0.0,5.0,1.0,0.0,10.0,0.0,0.0,0.0,39.0,B
20200820,KT,0,9.0,31.0,3.0,6.0,0.0,0.0,1.0,9.0,3.0,3.0,0.0,4.0,0.0,1.0,5.0,1.0,1.0,0.0,40.0,T
20200820,LG,0,9.0,36.0,5.0,9.0,1.0,0.0,1.0,13.0,5.0,1.0,0.0,2.0,0.0,0.0,9.0,1.0,0.0,0.0,38.0,T
20200820,LT,0,9.0,36.0,6.0,11.0,2.0,1.0,1.0,18.0,6.0,2.0,0.0,7.0,0.0,1.0,7.0,1.0,1.0,0.0,44.0,T
20200820,NC,0,9.0,45.0,14.0,21.0,3.0,0.0,1.0,27.0,13.0,3.0,0.0,3.0,0.0,0.0,6.0,0.0,2.0,1.0,51.0,T
20200820,OB,0,9.0,40.0,5.0,14.0,4.0,0.0,0.0,18.0,5.0,0.0,0.0,3.0,0.0,0.0,10.0,1.0,0.0,0.0,43.0,B
20200820,SK,0,9.0,35.0,3.0,11.0,0.0,0.0,2.0,17.0,3.0,0.0,0.0,4.0,0.0,0.0,6.0,2.0,0.0,1.0,45.0,B
20200820,SS,0,9.0,35.0,8.0,9.0,2.0,0.0,0.0,11.0,7.0,2.0,0.0,6.0,0.0,0.0,9.0,1.0,1.0,0.0,42.0,T
20200820,WO,0,9.0,31.0,6.0,8.0,2.0,0.0,0.0,10.0,6.0,2.0,0.0,6.0,1.0,0.0,6.0,1.0,0.0,1.0,39.0,B
20200821,HH,0,9.0,35.0,5.0,11.0,2.0,0.0,1.0,16.0,5.0,0.0,0.0,2.0,0.0,0.0,6.0,1.0,0.0,0.0,41.0,B
20200821,HT,0,9.0,34.0,4.0,9.0,0.0,0.0,2.0,15.0,4.0,1.0,1.0,2.0,1.0,0.0,5.0,0.0,1.0,0.0,38.0,B
20200821,KT,0,9.0,30.0,1.0,4.0,0.0,0.0,1.0,7.0,1.0,0.0,0.0,4.0,1.0,0.0,12.0,1.0,0.0,0.0,37.0,T
20200821,LG,0,9.0,36.0,7.0,10.0,1.0,1.0,2.0,19.0,7.0,1.0,0.0,6.0,0.0,0.0,6.0,0.0,0.0,0.0,42.0,T
20200821,LT,0,9.0,31.0,0.0,3.0,1.0,0.0,0.0,4.0,0.0,2.0,0.0,2.0,0.0,1.0,8.0,0.0,0.0,0.0,33.0,T
20200821,NC,0,9.0,38.0,10.0,10.0,5.0,0.0,1.0,18.0,7.0,0.0,0.0,4.0,0.0,0.0,10.0,0.0,1.0,0.0,43.0,T
20200821,OB,0,9.0,31.0,1.0,5.0,0.0,0.0,0.0,5.0,1.0,0.0,0.0,4.0,0.0,1.0,6.0,0.0,1.0,0.0,36.0,B
20200821,SK,0,9.0,32.0,8.0,12.0,2.0,0.0,0.0,14.0,8.0,0.0,0.0,5.0,3.0,1.0,2.0,0.0,2.0,1.0,51.0,B
20200821,SS,0,9.0,37.0,6.0,11.0,1.0,1.0,2.0,20.0,6.0,0.0,0.0,8.0,1.0,0.0,8.0,1.0,0.0,1.0,47.0,T
20200821,WO,0,9.0,33.0,3.0,6.0,0.0,0.0,1.0,9.0,3.0,1.0,0.0,2.0,1.0,0.0,6.0,0.0,0.0,0.0,36.0,B
20200822,HT,0,9.0,34.0,3.0,7.0,0.0,0.0,0.0,7.0,3.0,2.0,0.0,3.0,0.0,0.0,10.0,0.0,0.0,0.0,37.0,T
20200822,LT,0,9.0,39.0,5.0,13.0,2.0,0.0,1.0,18.0,4.0,1.0,0.0,2.0,0.0,0.0,5.0,0.0,1.0,0.0,42.0,T
20200822,OB,0,9.0,39.0,8.0,12.0,1.0,0.0,2.0,19.0,6.0,2.0,1.0,4.0,1.0,0.0,9.0,0.0,0.0,0.0,44.0,T
20200822,SK,0,9.0,36.0,1.0,9.0,2.0,0.0,1.0,14.0,1.0,0.0,0.0,5.0,0.0,0.0,7.0,0.0,0.0,0.0,46.0,B
20200822,SS,0,9.0,35.0,3.0,10.0,1.0,0.0,0.0,11.0,3.0,3.0,0.0,2.0,0.0,0.0,5.0,1.0,0.0,1.0,38.0,B
20200822,WO,0,9.0,32.0,4.0,10.0,1.0,0.0,1.0,14.0,4.0,1.0,0.0,5.0,0.0,0.0,6.0,2.0,0.0,0.0,37.0,B
20200823,HH,0,9.0,31.0,4.0,6.0,1.0,0.0,1.0,10.0,4.0,0.0,1.0,4.0,0.0,0.0,6.0,0.0,0.0,1.0,40.0,T
20200823,HT,0,9.0,36.0,8.0,11.0,0.0,0.0,3.0,20.0,8.0,0.0,0.0,2.0,1.0,0.0,9.0,0.0,1.0,1.0,41.0,T
20200823,KT,0,9.0,34.0,10.0,13.0,2.0,0.0,3.0,24.0,10.0,0.0,2.0,8.0,0.0,0.0,6.0,1.0,0.0,0.0,43.0,B
20200823,LG,0,9.0,30.0,3.0,6.0,1.0,0.0,0.0,7.0,3.0,0.0,0.0,6.0,1.0,1.0,8.0,3.0,0.0,0.0,37.0,B
20200823,LT,0,9.0,37.0,11.0,10.0,2.0,0.0,3.0,21.0,10.0,1.0,1.0,6.0,0.0,0.0,7.0,0.0,0.0,0.0,43.0,T
20200823,NC,0,9.0,35.0,1.0,9.0,2.0,0.0,0.0,11.0,1.0,0.0,0.0,4.0,1.0,0.0,7.0,1.0,0.0,0.0,40.0,T
20200823,OB,0,9.0,35.0,8.0,9.0,0.0,0.0,3.0,18.0,8.0,3.0,1.0,7.0,2.0,0.0,4.0,0.0,1.0,0.0,45.0,T
20200823,SK,0,9.0,34.0,1.0,9.0,1.0,1.0,0.0,12.0,1.0,0.0,1.0,4.0,1.0,0.0,7.0,0.0,0.0,1.0,44.0,B
20200823,SS,0,9.0,31.0,0.0,4.0,0.0,0.0,0.0,4.0,0.0,0.0,0.0,4.0,0.0,0.0,7.0,0.0,0.0,0.0,35.0,B
20200823,WO,0,9.0,37.0,7.0,13.0,2.0,1.0,0.0,17.0,5.0,1.0,0.0,3.0,0.0,0.0,9.0,1.0,1.0,0.0,41.0,B
20200824,HH,0,9.0,38.0,6.0,14.0,1.0,2.0,0.0,19.0,5.0,0.0,0.0,3.0,0.0,0.0,7.0,0.0,3.0,2.0,51.0,T
20200824,KT,0,9.0,37.0,8.0,14.0,1.0,0.0,1.0,18.0,8.0,1.0,1.0,4.0,0.0,0.0,9.0,0.0,0.0,0.0,41.0,B
20200824,LG,0,9.0,32.0,3.0,5.0,1.0,0.0,0.0,6.0,3.0,1.0,0.0,4.0,1.0,0.0,6.0,1.0,0.0,0.0,37.0,B
20200824,NC,0,9.0,34.0,1.0,8.0,0.0,0.0,0.0,8.0,1.0,1.0,0.0,2.0,1.0,0.0,4.0,1.0,0.0,0.0,37.0,T
20200825,HH,0,9.0,37.0,3.0,11.0,1.0,1.0,0.0,14.0,3.0,0.0,0.0,4.0,2.0,0.0,9.0,1.0,0.0,0.0,47.0,T
20200825,HT,0,9.0,30.0,8.0,7.0,2.0,0.0,1.0,12.0,8.0,2.0,0.0,8.0,2.0,0.0,5.0,1.0,0.0,0.0,40.0,T
20200825,KT,0,9.0,32.0,1.0,5.0,2.0,0.0,0.0,7.0,1.0,0.0,0.0,1.0,0.0,0.0,7.0,0.0,0.0,0.0,34.0,B
20200825,LG,0,9.0,33.0,3.0,7.0,1.0,0.0,1.0,11.0,3.0,1.0,1.0,4.0,3.0,0.0,8.0,0.0,0.0,0.0,40.0,T
20200825,LT,0,9.0,38.0,8.0,11.0,1.0,0.0,1.0,15.0,8.0,0.0,0.0,4.0,0.0,0.0,6.0,1.0,0.0,1.0,43.0,B
20200825,NC,0,9.0,38.0,11.0,15.0,3.0,0.0,6.0,36.0,11.0,1.0,0.0,2.0,0.0,0.0,7.0,0.0,0.0,0.0,40.0,B
20200825,OB,0,9.0,34.0,10.0,14.0,1.0,0.0,3.0,24.0,8.0,0.0,1.0,5.0,0.0,0.0,2.0,1.0,1.0,0.0,40.0,B
20200825,SK,0,9.0,37.0,10.0,11.0,3.0,0.0,2.0,20.0,10.0,1.0,0.0,7.0,2.0,0.0,3.0,1.0,0.0,0.0,50.0,T
20200825,SS,0,9.0,31.0,4.0,7.0,1.0,0.0,2.0,14.0,4.0,0.0,0.0,0.0,0.0,0.0,4.0,0.0,0.0,0.0,31.0,B
20200825,WO,0,9.0,36.0,4.0,10.0,0.0,0.0,0.0,10.0,3.0,2.0,0.0,6.0,1.0,1.0,6.0,0.0,1.0,0.0,44.0,T
20200826,HH,0,9.0,34.0,5.0,7.0,1.0,0.0,1.0,11.0,5.0,0.0,0.0,2.0,3.0,0.0,8.0,2.0,0.0,0.0,44.0,T
20200826,HT,0,9.0,41.0,7.0,15.0,1.0,0.0,1.0,19.0,7.0,0.0,0.0,4.0,0.0,0.0,5.0,0.0,1.0,0.0,46.0,T
20200826,KT,0,9.0,36.0,6.0,10.0,2.0,0.0,1.0,15.0,5.0,1.0,0.0,7.0,0.0,0.0,6.0,2.0,1.0,0.0,47.0,B
20200826,LG,0,9.0,36.0,8.0,10.0,1.0,0.0,4.0,23.0,8.0,0.0,0.0,3.0,0.0,0.0,7.0,0.0,0.0,0.0,39.0,T
20200826,LT,0,9.0,28.0,3.0,4.0,0.0,0.0,0.0,4.0,3.0,0.0,0.0,8.0,1.0,0.0,4.0,0.0,0.0,0.0,37.0,B
20200826,NC,0,9.0,36.0,9.0,11.0,2.0,0.0,2.0,19.0,9.0,1.0,0.0,3.0,1.0,0.0,6.0,1.0,0.0,0.0,40.0,B
20200826,OB,0,9.0,35.0,5.0,11.0,1.0,0.0,1.0,15.0,5.0,0.0,0.0,6.0,0.0,0.0,8.0,1.0,0.0,2.0,43.0,B
20200826,SK,0,9.0,29.0,1.0,4.0,0.0,0.0,1.0,7.0,1.0,1.0,0.0,2.0,0.0,0.0,7.0,2.0,0.0,0.0,31.0,T
20200826,SS,0,9.0,35.0,5.0,9.0,0.0,0.0,1.0,12.0,5.0,0.0,0.0,1.0,1.0,0.0,6.0,1.0,0.0,0.0,37.0,B
20200826,WO,0,9.0,36.0,5.0,8.0,0.0,1.0,2.0,16.0,5.0,1.0,0.0,3.0,0.0,0.0,6.0,1.0,1.0,0.0,40.0,T
20200827,HH,0,9.0,33.0,7.0,11.0,1.0,1.0,0.0,14.0,7.0,0.0,0.0,4.0,0.0,0.0,3.0,1.0,1.0,0.0,43.0,B
20200827,HT,0,9.0,33.0,4.0,8.0,2.0,0.0,0.0,10.0,3.0,0.0,1.0,2.0,1.0,0.0,12.0,0.0,1.0,0.0,37.0,T
20200827,KT,0,9.0,29.0,0.0,2.0,1.0,0.0,0.0,3.0,0.0,0.0,0.0,4.0,2.0,0.0,5.0,0.0,0.0,0.0,35.0,T
20200827,LG,0,9.0,29.0,2.0,6.0,0.0,1.0,0.0,8.0,1.0,1.0,1.0,2.0,0.0,0.0,7.0,1.0,0.0,0.0,31.0,B
20200827,LT,0,9.0,36.0,6.0,12.0,2.0,0.0,0.0,14.0,5.0,0.0,0.0,5.0,1.0,0.0,5.0,2.0,0.0,1.0,43.0,B
20200827,NC,0,9.0,35.0,8.0,13.0,2.0,1.0,1.0,20.0,7.0,0.0,0.0,4.0,1.0,0.0,9.0,1.0,0.0,0.0,40.0,B
20200827,OB,0,9.0,37.0,2.0,13.0,6.0,0.0,0.0,19.0,2.0,0.0,1.0,2.0,0.0,0.0,4.0,1.0,0.0,0.0,39.0,T
20200827,SK,0,9.0,36.0,10.0,14.0,4.0,0.0,2.0,24.0,10.0,1.0,0.0,2.0,1.0,0.0,6.0,0.0,2.0,1.0,43.0,B
20200827,SS,0,9.0,32.0,0.0,8.0,0.0,0.0,0.0,8.0,0.0,1.0,1.0,0.0,1.0,0.0,6.0,1.0,0.0,0.0,33.0,T
20200827,WO,0,9.0,40.0,11.0,15.0,5.0,0.0,3.0,29.0,11.0,2.0,0.0,3.0,1.0,0.0,2.0,2.0,1.0,0.0,45.0,T
20200828,HT,0,9.0,39.0,11.0,13.0,0.0,0.0,4.0,25.0,11.0,0.0,0.0,4.0,0.0,0.0,8.0,0.0,2.0,0.0,45.0,T
20200828,KT,0,9.0,36.0,5.0,5.0,1.0,0.0,2.0,12.0,5.0,1.0,1.0,3.0,1.0,0.0,13.0,1.0,0.0,0.0,40.0,T
20200828,LG,0,9.0,40.0,6.0,12.0,3.0,0.0,0.0,15.0,5.0,0.0,0.0,4.0,1.0,1.0,6.0,2.0,1.0,1.0,47.0,B
20200828,LT,0,9.0,37.0,4.0,12.0,2.0,0.0,2.0,20.0,4.0,2.0,0.0,2.0,1.0,0.0,3.0,1.0,0.0,0.0,40.0,B
20200828,NC,0,9.0,35.0,4.0,10.0,1.0,1.0,1.0,16.0,3.0,0.0,0.0,4.0,0.0,0.0,4.0,1.0,0.0,0.0,39.0,B
20200828,OB,0,9.0,46.0,11.0,18.0,1.0,0.0,4.0,31.0,11.0,0.0,0.0,4.0,2.0,0.0,4.0,0.0,0.0,0.0,52.0,T
20200828,SK,0,9.0,33.0,8.0,11.0,2.0,2.0,1.0,20.0,7.0,0.0,1.0,6.0,3.0,0.0,10.0,2.0,2.0,0.0,52.0,B
20200828,WO,0,9.0,36.0,8.0,11.0,3.0,0.0,2.0,20.0,7.0,5.0,1.0,7.0,0.0,1.0,7.0,0.0,0.0,1.0,44.0,T
20200829,HH,0,9.0,38.0,7.0,11.0,0.0,1.0,2.0,19.0,6.0,0.0,0.0,2.0,0.0,0.0,13.0,0.0,0.0,0.0,43.0,T
20200829,LG,0,9.0,37.0,5.0,10.0,2.0,0.0,2.0,18.0,5.0,0.0,0.0,1.0,0.0,0.0,13.0,0.0,0.0,0.0,38.0,B
20200829,LT,0,9.0,33.0,9.0,11.0,3.0,0.0,4.0,26.0,9.0,1.0,0.0,6.0,0.0,0.0,5.0,1.0,0.0,1.0,40.0,B
20200829,NC,0,9.0,35.0,9.0,14.0,3.0,0.0,2.0,23.0,8.0,1.0,3.0,3.0,1.0,1.0,4.0,1.0,0.0,0.0,39.0,B
20200829,OB,0,9.0,35.0,5.0,11.0,3.0,0.0,1.0,17.0,5.0,2.0,1.0,3.0,0.0,0.0,3.0,0.0,0.0,0.0,38.0,T
20200829,SK,0,9.0,35.0,5.0,9.0,0.0,0.0,2.0,15.0,5.0,0.0,0.0,2.0,0.0,0.0,5.0,1.0,0.0,0.0,42.0,T
20200829,SS,0,9.0,37.0,5.0,10.0,2.0,0.0,0.0,12.0,5.0,1.0,0.0,2.0,0.0,0.0,10.0,0.0,1.0,0.0,40.0,T
20200829,WO,0,9.0,30.0,4.0,8.0,2.0,0.0,0.0,10.0,4.0,0.0,0.0,3.0,0.0,0.0,3.0,3.0,1.0,1.0,35.0,B
20200830,HH,0,9.0,33.0,2.0,6.0,1.0,0.0,0.0,7.0,2.0,1.0,0.0,2.0,0.0,0.0,6.0,0.0,0.0,0.0,39.0,T
20200830,HT,0,10.0,35.0,5.0,10.0,1.0,0.0,0.0,11.0,5.0,0.0,0.0,5.0,1.0,0.0,8.0,1.0,2.0,1.0,78.0,B
20200830,HT,1,8.0,32.0,7.0,10.0,2.0,0.0,1.0,15.0,7.0,1.0,0.0,2.0,0.0,0.0,1.0,1.0,0.0,0.0,62.0,B
20200830,KT,0,11.0,42.0,10.0,12.0,2.0,0.0,2.0,20.0,9.0,0.0,1.0,12.0,0.0,0.0,8.0,0.0,1.0,0.0,91.0,T
20200830,KT,1,7.0,29.0,3.0,5.0,1.0,1.0,0.0,8.0,3.0,1.0,0.0,2.0,0.0,0.0,9.0,0.0,0.0,1.0,72.0,T
20200830,LG,0,9.0,30.0,4.0,8.0,2.0,0.0,1.0,13.0,4.0,2.0,0.0,6.0,0.0,1.0,6.0,1.0,1.0,0.0,37.0,B
20200830,LT,0,9.0,34.0,6.0,10.0,3.0,0.0,0.0,13.0,5.0,2.0,0.0,3.0,0.0,0.0,6.0,1.0,0.0,0.0,37.0,B
20200830,NC,0,9.0,28.0,7.0,7.0,2.0,1.0,0.0,11.0,6.0,0.0,0.0,7.0,1.0,1.0,5.0,0.0,1.0,1.0,38.0,B
20200830,OB,0,9.0,31.0,1.0,7.0,1.0,0.0,0.0,8.0,1.0,0.0,1.0,0.0,1.0,0.0,5.0,2.0,0.0,0.0,32.0,T
20200830,SK,0,9.0,33.0,4.0,7.0,1.0,0.0,3.0,17.0,4.0,0.0,0.0,3.0,0.0,0.0,7.0,0.0,1.0,0.0,37.0,T
20200830,SS,0,9.0,34.0,2.0,10.0,0.0,0.0,0.0,10.0,2.0,2.0,0.0,1.0,0.0,0.0,5.0,1.0,1.0,1.0,37.0,T
20200830,WO,0,9.0,34.0,3.0,11.0,1.0,1.0,0.0,14.0,3.0,3.0,1.0,3.0,0.0,0.0,4.0,1.0,0.0,0.0,37.0,B
20200901,HH,0,9.0,29.0,0.0,3.0,0.0,0.0,0.0,3.0,0.0,0.0,0.0,0.0,0.0,0.0,9.0,1.0,0.0,0.0,33.0,T
20200901,HT,0,9.0,31.0,6.0,9.0,2.0,0.0,1.0,14.0,6.0,0.0,1.0,9.0,0.0,0.0,9.0,0.0,0.0,0.0,40.0,B
20200901,KT,0,9.0,37.0,11.0,14.0,2.0,0.0,2.0,22.0,10.0,2.0,0.0,3.0,0.0,0.0,7.0,1.0,1.0,0.0,42.0,B
20200901,LG,0,9.0,38.0,13.0,11.0,3.0,0.0,3.0,23.0,12.0,0.0,0.0,8.0,1.0,1.0,10.0,0.0,1.0,1.0,49.0,T
20200901,LT,0,9.0,29.0,2.0,6.0,1.0,0.0,0.0,7.0,2.0,0.0,1.0,6.0,0.0,0.0,3.0,2.0,0.0,0.0,35.0,T
20200901,NC,0,9.0,32.0,5.0,10.0,2.0,0.0,1.0,15.0,5.0,0.0,1.0,4.0,0.0,0.0,10.0,1.0,0.0,2.0,38.0,T
20200901,OB,0,9.0,33.0,4.0,10.0,2.0,0.0,0.0,12.0,4.0,1.0,0.0,2.0,0.0,0.0,5.0,1.0,0.0,1.0,36.0,B
20200901,SK,0,9.0,35.0,5.0,10.0,0.0,0.0,0.0,10.0,5.0,1.0,0.0,6.0,0.0,1.0,8.0,1.0,0.0,1.0,43.0,B
20200901,SS,0,9.0,30.0,0.0,4.0,0.0,0.0,0.0,4.0,0.0,0.0,0.0,1.0,0.0,0.0,5.0,2.0,0.0,0.0,31.0,T
20200901,WO,0,9.0,33.0,2.0,6.0,2.0,0.0,0.0,8.0,2.0,0.0,0.0,2.0,0.0,0.0,7.0,0.0,0.0,0.0,35.0,B
20200902,NC,0,9.0,34.0,4.0,9.0,3.0,0.0,1.0,15.0,4.0,0.0,0.0,2.0,2.0,0.0,5.0,2.0,0.0,0.0,38.0,T
20200902,WO,0,9.0,31.0,6.0,7.0,2.0,0.0,0.0,9.0,6.0,1.0,0.0,7.0,3.0,0.0,7.0,0.0,0.0,0.0,41.0,B
20200903,HH,0,9.0,38.0,5.0,11.0,2.0,0.0,1.0,16.0,3.0,0.0,1.0,4.0,2.0,0.0,8.0,0.0,0.0,0.0,46.0,B
20200903,HT,0,9.0,36.0,4.0,10.0,1.0,0.0,2.0,17.0,4.0,0.0,0.0,1.0,0.0,0.0,7.0,0.0,1.0,0.0,38.0,T
20200903,KT,0,9.0,34.0,6.0,12.0,3.0,0.0,0.0,15.0,6.0,1.0,1.0,4.0,0.0,0.0,6.0,1.0,0.0,0.0,38.0,B
20200903,LG,0,9.0,32.0,6.0,9.0,1.0,0.0,1.0,13.0,6.0,0.0,1.0,2.0,0.0,0.0,8.0,2.0,1.0,0.0,35.0,B
20200903,LT,0,9.0,30.0,3.0,5.0,2.0,0.0,0.0,7.0,3.0,1.0,1.0,2.0,1.0,0.0,6.0,1.0,0.0,0.0,33.0,B
20200903,NC,0,9.0,40.0,5.0,16.0,2.0,0.0,0.0,18.0,4.0,3.0,0.0,2.0,1.0,0.0,11.0,2.0,0.0,0.0,43.0,T
20200903,OB,0,9.0,38.0,10.0,10.0,3.0,1.0,3.0,24.0,8.0,1.0,0.0,3.0,0.0,0.0,4.0,1.0,0.0,0.0,41.0,T
20200903,SK,0,9.0,32.0,2.0,8.0,1.0,0.0,0.0,9.0,2.0,1.0,0.0,5.0,0.0,0.0,2.0,2.0,0.0,0.0,39.0,T
20200903,SS,0,9.0,35.0,11.0,16.0,5.0,1.0,1.0,26.0,11.0,1.0,1.0,4.0,0.0,0.0,6.0,2.0,1.0,1.0,41.0,B
20200903,WO,0,9.0,34.0,6.0,9.0,0.0,0.0,1.0,12.0,6.0,2.0,1.0,5.0,0.0,0.0,8.0,0.0,0.0,1.0,40.0,T
20200904,HH,0,9.0,30.0,7.0,10.0,1.0,0.0,0.0,11.0,7.0,0.0,1.0,7.0,0.0,0.0,7.0,0.0,3.0,0.0,45.0,B
20200904,HT,0,9.0,36.0,6.0,8.0,3.0,0.0,1.0,14.0,5.0,0.0,0.0,3.0,1.0,0.0,9.0,1.0,2.0,0.0,80.0,T
20200904,HT,1,9.0,35.0,7.0,10.0,2.0,0.0,1.0,15.0,7.0,1.0,0.0,3.0,0.0,0.0,9.0,1.0,0.0,0.0,72.0,T
20200904,KT,0,10.0,37.0,10.0,14.0,4.0,0.0,3.0,27.0,10.0,2.0,2.0,3.0,0.0,0.0,7.0,0.0,0.0,0.0,83.0,B
20200904,KT,1,8.0,31.0,7.0,8.0,1.0,0.0,2.0,15.0,6.0,0.0,0.0,9.0,0.0,0.0,3.0,1.0,0.0,1.0,78.0,B
20200904,LG,0,9.0,46.0,5.0,13.0,3.0,1.0,0.0,18.0,5.0,2.0,0.0,8.0,1.0,1.0,14.0,1.0,2.0,0.0,57.0,B
20200904,LT,0,12.0,37.0,6.0,8.0,0.0,0.0,0.0,8.0,5.0,1.0,0.0,6.0,2.0,0.0,12.0,3.0,0.0,1.0,74.0,B
20200904,LT,1,6.0,26.0,6.0,11.0,0.0,0.0,2.0,17.0,5.0,0.0,0.0,1.0,0.0,0.0,2.0,2.0,0.0,1.0,58.0,B
20200904,NC,0,9.0,46.0,5.0,13.0,1.0,0.0,0.0,14.0,5.0,3.0,1.0,4.0,3.0,1.0,15.0,0.0,1.0,1.0,55.0,T
20200904,OB,0,9.0,32.0,5.0,8.0,1.0,0.0,0.0,9.0,4.0,0.0,0.0,5.0,0.0,0.0,12.0,2.0,0.0,1.0,38.0,T
20200904,SK,0,9.0,32.0,2.0,5.0,0.0,0.0,1.0,8.0,2.0,0.0,0.0,2.0,1.0,0.0,6.0,0.0,0.0,0.0,80.0,T
20200904,SK,1,9.0,34.0,5.0,10.0,2.0,0.0,2.0,18.0,5.0,0.0,1.0,0.0,0.0,0.0,6.0,0.0,1.0,1.0,79.0,T
20200904,SS,0,9.0,37.0,12.0,16.0,3.0,0.0,2.0,25.0,12.0,1.0,0.0,9.0,0.0,0.0,3.0,2.0,0.0,2.0,48.0,B
20200904,WO,0,9.0,32.0,1.0,6.0,1.0,0.0,0.0,7.0,1.0,2.0,0.0,4.0,0.0,0.0,8.0,0.0,0.0,0.0,36.0,T
20200905,HH,0,9.0,33.0,4.0,8.0,2.0,0.0,1.0,13.0,4.0,0.0,0.0,3.0,0.0,0.0,11.0,1.0,0.0,1.0,40.0,B
20200905,HT,0,9.0,36.0,5.0,13.0,4.0,0.0,0.0,17.0,5.0,0.0,1.0,6.0,0.0,0.0,5.0,1.0,2.0,0.0,49.0,T
20200905,KT,0,9.0,37.0,8.0,11.0,1.0,0.0,2.0,18.0,8.0,0.0,0.0,5.0,1.0,0.0,8.0,0.0,1.0,0.0,49.0,T
20200905,OB,0,9.0,29.0,5.0,6.0,1.0,0.0,0.0,7.0,5.0,0.0,1.0,9.0,0.0,0.0,5.0,0.0,0.0,0.0,38.0,B
20200905,SK,0,9.0,30.0,1.0,5.0,0.0,0.0,1.0,8.0,1.0,0.0,0.0,1.0,1.0,0.0,7.0,1.0,0.0,0.0,35.0,T
20200905,WO,0,9.0,32.0,1.0,5.0,1.0,0.0,0.0,6.0,1.0,0.0,0.0,0.0,0.0,0.0,7.0,0.0,0.0,0.0,32.0,B
20200906,HH,0,9.0,36.0,4.0,10.0,1.0,0.0,2.0,17.0,4.0,0.0,0.0,0.0,0.0,0.0,13.0,0.0,0.0,0.0,39.0,B
20200906,HT,0,9.0,35.0,8.0,10.0,5.0,0.0,1.0,18.0,8.0,0.0,1.0,3.0,1.0,0.0,9.0,0.0,1.0,1.0,45.0,T
20200906,KT,0,9.0,38.0,8.0,12.0,2.0,0.0,0.0,14.0,7.0,0.0,0.0,4.0,1.0,1.0,6.0,1.0,1.0,1.0,45.0,T
20200906,LG,0,9.0,42.0,7.0,14.0,4.0,0.0,2.0,24.0,6.0,0.0,0.0,1.0,0.0,1.0,8.0,0.0,1.0,0.0,44.0,T
20200906,LT,0,9.0,29.0,1.0,3.0,1.0,0.0,0.0,4.0,1.0,0.0,0.0,4.0,0.0,0.0,4.0,1.0,0.0,0.0,33.0,B
20200906,NC,0,9.0,31.0,3.0,5.0,0.0,0.0,1.0,8.0,3.0,0.0,0.0,2.0,0.0,0.0,10.0,1.0,0.0,0.0,33.0,T
20200906,OB,0,9.0,38.0,10.0,14.0,2.0,0.0,2.0,22.0,10.0,0.0,0.0,5.0,0.0,0.0,3.0,0.0,0.0,0.0,43.0,B
20200906,SK,0,9.0,31.0,0.0,3.0,0.0,0.0,0.0,3.0,0.0,0.0,0.0,2.0,0.0,0.0,7.0,0.0,0.0,0.0,39.0,T
20200906,SS,0,9.0,34.0,5.0,10.0,0.0,0.0,3.0,19.0,5.0,0.0,0.0,3.0,0.0,0.0,5.0,0.0,0.0,0.0,37.0,B
20200906,WO,0,9.0,34.0,7.0,9.0,2.0,0.0,2.0,17.0,7.0,0.0,1.0,3.0,1.0,0.0,10.0,1.0,0.0,0.0,38.0,B
20200907,LG,0,9.0,40.0,6.0,16.0,2.0,0.0,1.0,21.0,5.0,0.0,0.0,3.0,0.0,0.0,9.0,2.0,0.0,0.0,43.0,T
20200907,LT,0,9.0,39.0,12.0,16.0,6.0,0.0,2.0,28.0,12.0,0.0,0.0,5.0,1.0,0.0,4.0,1.0,0.0,0.0,45.0,B
20200908,HH,0,9.0,36.0,4.0,10.0,2.0,0.0,0.0,12.0,4.0,0.0,0.0,3.0,0.0,0.0,9.0,0.0,2.0,2.0,48.0,T
20200908,HT,0,9.0,31.0,3.0,7.0,4.0,0.0,0.0,11.0,3.0,0.0,0.0,3.0,0.0,1.0,5.0,1.0,0.0,0.0,37.0,B
20200908,KT,0,9.0,33.0,0.0,6.0,1.0,0.0,0.0,7.0,0.0,0.0,1.0,5.0,0.0,0.0,7.0,0.0,0.0,0.0,38.0,T
20200908,LG,0,9.0,35.0,2.0,11.0,3.0,1.0,0.0,16.0,2.0,0.0,0.0,6.0,2.0,0.0,3.0,2.0,0.0,0.0,43.0,T
20200908,LT,0,9.0,33.0,2.0,6.0,1.0,0.0,0.0,7.0,2.0,1.0,0.0,5.0,0.0,0.0,6.0,0.0,0.0,0.0,38.0,T
20200908,NC,0,9.0,42.0,14.0,17.0,5.0,0.0,0.0,22.0,14.0,0.0,0.0,3.0,1.0,0.0,6.0,0.0,0.0,0.0,46.0,B
20200908,OB,0,9.0,36.0,8.0,12.0,7.0,0.0,1.0,22.0,6.0,0.0,0.0,3.0,0.0,0.0,5.0,0.0,0.0,0.0,39.0,B
20200908,SK,0,9.0,45.0,15.0,16.0,4.0,0.0,3.0,29.0,12.0,0.0,0.0,4.0,1.0,0.0,8.0,0.0,1.0,0.0,57.0,B
20200908,SS,0,9.0,36.0,2.0,7.0,1.0,0.0,0.0,8.0,2.0,2.0,0.0,3.0,0.0,0.0,6.0,0.0,1.0,0.0,40.0,B
20200908,WO,0,9.0,43.0,16.0,17.0,4.0,0.0,5.0,36.0,15.0,0.0,0.0,6.0,0.0,0.0,7.0,1.0,0.0,0.0,49.0,T
20200909,HH,0,13.0,52.0,8.0,15.0,1.0,0.0,3.0,25.0,10.0,0.0,0.0,4.0,3.0,0.0,8.0,1.0,1.0,0.0,90.0,T
20200909,HH,1,5.0,23.0,3.0,7.0,1.0,0.0,0.0,8.0,1.0,0.0,0.0,2.0,0.0,0.0,7.0,1.0,0.0,0.0,59.0,T
20200909,KT,0,9.0,38.0,4.0,5.0,0.0,0.0,1.0,8.0,4.0,1.0,0.0,4.0,0.0,0.0,13.0,0.0,1.0,0.0,43.0,T
20200909,LT,0,9.0,36.0,7.0,8.0,3.0,0.0,0.0,11.0,7.0,0.0,0.0,8.0,2.0,0.0,7.0,0.0,2.0,0.0,48.0,T
20200909,NC,0,9.0,42.0,5.0,11.0,4.0,1.0,1.0,20.0,5.0,1.0,0.0,5.0,0.0,1.0,9.0,1.0,0.0,0.0,47.0,B
20200909,OB,0,9.0,41.0,2.0,10.0,2.0,0.0,0.0,12.0,2.0,1.0,0.0,3.0,0.0,0.0,6.0,0.0,1.0,1.0,46.0,B
20200909,SK,0,9.0,35.0,4.0,9.0,1.0,0.0,2.0,16.0,4.0,0.0,0.0,2.0,0.0,0.0,3.0,2.0,0.0,0.0,43.0,B
20200909,SS,0,10.0,36.0,4.0,7.0,0.0,0.0,1.0,10.0,4.0,2.0,1.0,4.0,1.0,0.0,14.0,0.0,1.0,0.0,71.0,B
20200909,SS,1,8.0,26.0,0.0,3.0,0.0,0.0,0.0,3.0,0.0,0.0,0.0,3.0,0.0,0.0,1.0,0.0,0.0,0.0,61.0,B
20200909,WO,0,9.0,35.0,13.0,11.0,2.0,0.0,1.0,16.0,10.0,3.0,0.0,16.0,0.0,0.0,5.0,3.0,0.0,2.0,53.0,T
20200910,HH,0,9.0,30.0,1.0,5.0,0.0,0.0,0.0,5.0,1.0,0.0,0.0,3.0,1.0,0.0,9.0,2.0,0.0,0.0,37.0,B
20200910,HT,0,9.0,32.0,4.0,7.0,0.0,1.0,1.0,12.0,4.0,0.0,2.0,4.0,0.0,0.0,7.0,0.0,0.0,0.0,40.0,B
20200910,KT,0,9.0,32.0,8.0,8.0,0.0,1.0,4.0,22.0,8.0,0.0,0.0,1.0,3.0,0.0,7.0,1.0,0.0,1.0,37.0,T
20200910,LG,0,9.0,35.0,6.0,10.0,2.0,0.0,1.0,15.0,6.0,0.0,0.0,5.0,0.0,0.0,7.0,0.0,0.0,0.0,40.0,B
20200910,LT,0,9.0,45.0,13.0,21.0,3.0,0.0,2.0,30.0,12.0,0.0,0.0,5.0,0.0,0.0,6.0,0.0,0.0,0.0,50.0,B
20200910,NC,0,9.0,36.0,13.0,13.0,3.0,0.0,3.0,25.0,12.0,0.0,0.0,8.0,1.0,0.0,4.0,0.0,0.0,1.0,46.0,B
20200910,OB,0,9.0,36.0,5.0,9.0,0.0,0.0,0.0,9.0,5.0,2.0,0.0,6.0,0.0,0.0,9.0,0.0,0.0,0.0,42.0,T
20200910,SK,0,9.0,36.0,5.0,9.0,1.0,0.0,1.0,13.0,5.0,1.0,0.0,4.0,1.0,0.0,5.0,0.0,0.0,0.0,46.0,T
20200910,SS,0,9.0,37.0,8.0,10.0,5.0,0.0,0.0,15.0,7.0,0.0,0.0,3.0,0.0,0.0,6.0,0.0,1.0,0.0,41.0,T
20200910,WO,0,9.0,32.0,1.0,6.0,1.0,0.0,1.0,10.0,1.0,0.0,0.0,3.0,0.0,0.0,7.0,0.0,1.0,0.0,36.0,T
20200911,HH,0,9.0,34.0,3.0,6.0,1.0,0.0,0.0,7.0,3.0,0.0,0.0,4.0,0.0,0.0,12.0,1.0,0.0,0.0,41.0,B
20200911,KT,0,9.0,31.0,1.0,6.0,0.0,1.0,1.0,11.0,1.0,0.0,0.0,5.0,1.0,0.0,10.0,1.0,1.0,0.0,42.0,T
20200911,LG,0,9.0,33.0,2.0,8.0,1.0,0.0,0.0,9.0,2.0,1.0,0.0,3.0,0.0,0.0,11.0,0.0,0.0,2.0,38.0,B
20200911,LT,0,9.0,37.0,12.0,14.0,2.0,0.0,1.0,19.0,12.0,0.0,0.0,8.0,0.0,0.0,8.0,1.0,0.0,0.0,45.0,B
20200911,NC,0,9.0,37.0,9.0,13.0,4.0,0.0,3.0,26.0,8.0,2.0,0.0,3.0,0.0,0.0,7.0,0.0,0.0,0.0,40.0,B
20200911,SK,0,9.0,33.0,4.0,8.0,3.0,0.0,0.0,11.0,3.0,0.0,1.0,2.0,0.0,0.0,5.0,0.0,0.0,1.0,40.0,T
20200911,SS,0,9.0,36.0,4.0,8.0,0.0,0.0,2.0,14.0,4.0,0.0,0.0,1.0,0.0,0.0,9.0,0.0,0.0,1.0,38.0,T
20200911,WO,0,9.0,38.0,8.0,13.0,3.0,1.0,0.0,18.0,8.0,1.0,0.0,0.0,2.0,0.0,4.0,1.0,1.0,0.0,41.0,T
20200912,HH,0,9.0,35.0,2.0,7.0,0.0,0.0,0.0,7.0,2.0,1.0,0.0,1.0,0.0,0.0,10.0,0.0,0.0,0.0,40.0,T
20200912,HT,0,9.0,40.0,11.0,14.0,5.0,0.0,2.0,25.0,10.0,0.0,0.0,6.0,2.0,0.0,2.0,0.0,0.0,0.0,53.0,T
20200912,KT,0,9.0,31.0,5.0,9.0,1.0,0.0,0.0,10.0,5.0,3.0,0.0,5.0,1.0,0.0,3.0,0.0,0.0,1.0,38.0,B
20200912,LG,0,9.0,29.0,1.0,2.0,0.0,0.0,1.0,5.0,1.0,1.0,0.0,1.0,0.0,0.0,6.0,0.0,0.0,0.0,30.0,B
20200912,LT,0,9.0,30.0,1.0,6.0,0.0,0.0,0.0,6.0,1.0,0.0,1.0,5.0,0.0,0.0,6.0,1.0,0.0,1.0,36.0,T
20200912,NC,0,9.0,32.0,3.0,6.0,1.0,0.0,1.0,10.0,3.0,1.0,0.0,3.0,0.0,0.0,7.0,0.0,0.0,0.0,35.0,B
20200912,OB,0,9.0,29.0,0.0,4.0,1.0,0.0,0.0,5.0,0.0,0.0,0.0,2.0,0.0,0.0,8.0,2.0,0.0,0.0,31.0,T
20200912,SK,0,9.0,29.0,2.0,5.0,1.0,0.0,0.0,6.0,1.0,0.0,0.0,3.0,0.0,0.0,2.0,1.0,0.0,0.0,35.0,B
20200912,SS,0,9.0,32.0,5.0,7.0,0.0,1.0,2.0,15.0,5.0,1.0,1.0,4.0,0.0,0.0,8.0,1.0,0.0,0.0,36.0,T
20200912,WO,0,9.0,31.0,2.0,9.0,2.0,0.0,0.0,11.0,2.0,0.0,1.0,3.0,1.0,0.0,6.0,0.0,1.0,0.0,36.0,B
20200913,HH,0,9.0,30.0,4.0,6.0,1.0,0.0,0.0,7.0,4.0,2.0,1.0,5.0,2.0,0.0,6.0,0.0,1.0,1.0,42.0,T
20200913,HT,0,9.0,33.0,4.0,10.0,1.0,0.0,0.0,11.0,4.0,0.0,2.0,3.0,0.0,0.0,5.0,1.0,1.0,1.0,42.0,T
20200913,KT,0,9.0,33.0,5.0,12.0,1.0,0.0,0.0,13.0,5.0,0.0,0.0,3.0,0.0,0.0,11.0,2.0,1.0,2.0,39.0,B
20200913,LG,0,9.0,31.0,0.0,4.0,1.0,0.0,0.0,5.0,0.0,0.0,0.0,1.0,0.0,0.0,10.0,0.0,0.0,0.0,32.0,B
20200913,LT,0,9.0,29.0,1.0,5.0,0.0,0.0,0.0,5.0,1.0,0.0,0.0,5.0,1.0,0.0,1.0,2.0,0.0,1.0,36.0,T
20200913,NC,0,9.0,32.0,3.0,8.0,0.0,0.0,0.0,8.0,3.0,3.0,1.0,4.0,2.0,0.0,6.0,0.0,2.0,1.0,41.0,B
20200913,OB,0,9.0,48.0,6.0,15.0,2.0,0.0,0.0,17.0,6.0,0.0,2.0,7.0,0.0,0.0,7.0,0.0,0.0,1.0,56.0,T
20200913,SK,0,9.0,27.0,3.0,4.0,0.0,0.0,2.0,10.0,3.0,1.0,0.0,1.0,1.0,0.0,5.0,1.0,0.0,0.0,36.0,B
20200913,SS,0,9.0,42.0,11.0,18.0,1.0,1.0,1.0,24.0,9.0,2.0,0.0,5.0,0.0,0.0,5.0,0.0,2.0,2.0,51.0,T
20200913,WO,0,9.0,49.0,6.0,13.0,1.0,0.0,0.0,14.0,6.0,2.0,0.0,10.0,1.0,1.0,15.0,0.0,0.0,0.0,60.0,B
20200915,HH,0,9.0,38.0,6.0,11.0,1.0,0.0,0.0,12.0,6.0,0.0,0.0,5.0,2.0,0.0,10.0,2.0,0.0,0.0,50.0,B
20200915,HT,0,9.0,29.0,1.0,5.0,0.0,0.0,0.0,5.0,1.0,0.0,0.0,5.0,0.0,0.0,4.0,3.0,0.0,0.0,37.0,B
20200915,KT,0,9.0,36.0,0.0,8.0,1.0,0.0,0.0,9.0,0.0,0.0,0.0,2.0,0.0,0.0,11.0,1.0,0.0,0.0,39.0,B
20200915,LG,0,9.0,39.0,5.0,8.0,2.0,0.0,1.0,13.0,4.0,3.0,0.0,3.0,0.0,0.0,14.0,0.0,0.0,0.0,42.0,T
20200915,LT,0,9.0,33.0,8.0,10.0,3.0,0.0,1.0,16.0,8.0,0.0,1.0,5.0,0.0,0.0,3.0,2.0,0.0,1.0,39.0,T
20200915,NC,0,9.0,33.0,3.0,6.0,1.0,1.0,0.0,9.0,2.0,2.0,1.0,3.0,1.0,0.0,5.0,0.0,0.0,0.0,37.0,T
20200915,OB,0,9.0,30.0,7.0,8.0,3.0,0.0,0.0,11.0,6.0,0.0,0.0,2.0,2.0,0.0,3.0,0.0,1.0,0.0,35.0,B
20200915,SK,0,9.0,40.0,16.0,17.0,1.0,0.0,2.0,24.0,16.0,3.0,1.0,9.0,1.0,0.0,5.0,3.0,1.0,1.0,58.0,T
20200915,SS,0,9.0,37.0,7.0,14.0,1.0,0.0,1.0,18.0,7.0,0.0,0.0,4.0,0.0,1.0,1.0,2.0,1.0,0.0,42.0,T
20200915,WO,0,9.0,38.0,5.0,11.0,1.0,0.0,0.0,12.0,5.0,0.0,0.0,7.0,1.0,0.0,7.0,1.0,0.0,0.0,46.0,B
20200916,HH,0,9.0,35.0,5.0,9.0,0.0,1.0,2.0,17.0,5.0,0.0,0.0,3.0,1.0,0.0,11.0,1.0,0.0,0.0,42.0,B
20200916,HT,0,9.0,33.0,6.0,10.0,1.0,0.0,1.0,14.0,6.0,0.0,0.0,4.0,2.0,0.0,6.0,1.0,1.0,1.0,45.0,B
20200916,KT,0,9.0,43.0,11.0,19.0,4.0,0.0,1.0,26.0,11.0,0.0,0.0,2.0,1.0,0.0,8.0,0.0,0.0,0.0,47.0,B
20200916,LG,0,9.0,40.0,11.0,15.0,8.0,0.0,0.0,23.0,9.0,0.0,0.0,6.0,0.0,0.0,5.0,2.0,0.0,0.0,46.0,T
20200916,LT,0,9.0,39.0,8.0,14.0,4.0,0.0,0.0,18.0,8.0,0.0,0.0,4.0,0.0,0.0,6.0,1.0,0.0,1.0,44.0,T
20200916,NC,0,9.0,34.0,5.0,8.0,1.0,0.0,2.0,15.0,4.0,2.0,0.0,4.0,0.0,0.0,10.0,0.0,1.0,0.0,39.0,T
20200916,OB,0,9.0,32.0,3.0,7.0,1.0,0.0,0.0,8.0,3.0,0.0,0.0,0.0,1.0,0.0,6.0,1.0,0.0,0.0,33.0,B
20200916,SK,0,9.0,37.0,7.0,11.0,4.0,0.0,0.0,15.0,6.0,0.0,1.0,8.0,0.0,1.0,5.0,1.0,0.0,0.0,50.0,T
20200916,SS,0,9.0,39.0,6.0,14.0,1.0,0.0,0.0,15.0,4.0,0.0,0.0,6.0,0.0,0.0,4.0,1.0,0.0,0.0,45.0,T
20200916,WO,0,9.0,32.0,2.0,4.0,1.0,0.0,0.0,5.0,1.0,1.0,0.0,4.0,1.0,0.0,12.0,0.0,0.0,0.0,37.0,B
20200917,HH,0,9.0,29.0,2.0,3.0,0.0,0.0,0.0,3.0,2.0,0.0,0.0,1.0,1.0,0.0,13.0,0.0,0.0,1.0,36.0,T
20200917,HT,0,9.0,40.0,12.0,16.0,4.0,0.0,3.0,29.0,11.0,0.0,0.0,3.0,0.0,0.0,6.0,1.0,0.0,1.0,49.0,T
20200917,KT,0,9.0,31.0,3.0,9.0,1.0,1.0,0.0,12.0,3.0,3.0,0.0,3.0,0.0,1.0,8.0,0.0,1.0,0.0,35.0,B
20200917,LG,0,9.0,34.0,9.0,8.0,0.0,0.0,2.0,14.0,9.0,1.0,0.0,4.0,0.0,0.0,6.0,0.0,1.0,0.0,39.0,B
20200917,LT,0,9.0,34.0,1.0,8.0,2.0,0.0,0.0,10.0,1.0,0.0,0.0,0.0,0.0,0.0,5.0,2.0,0.0,0.0,34.0,T
20200917,NC,0,9.0,34.0,3.0,9.0,1.0,0.0,2.0,16.0,3.0,1.0,0.0,3.0,0.0,1.0,6.0,1.0,1.0,0.0,38.0,T
20200917,OB,0,9.0,33.0,0.0,6.0,0.0,0.0,0.0,6.0,0.0,0.0,0.0,0.0,0.0,0.0,5.0,2.0,0.0,0.0,33.0,T
20200917,SK,0,9.0,30.0,0.0,4.0,0.0,0.0,0.0,4.0,0.0,1.0,0.0,1.0,1.0,0.0,11.0,0.0,1.0,0.0,37.0,B
20200917,SS,0,9.0,33.0,2.0,7.0,0.0,0.0,0.0,7.0,2.0,0.0,0.0,3.0,0.0,0.0,11.0,0.0,0.0,1.0,37.0,B
20200917,WO,0,9.0,26.0,5.0,4.0,2.0,0.0,0.0,6.0,5.0,0.0,0.0,8.0,0.0,0.0,9.0,1.0,0.0,1.0,35.0,B
20200918,HH,0,9.0,36.0,2.0,8.0,1.0,0.0,0.0,9.0,2.0,0.0,0.0,0.0,1.0,0.0,10.0,0.0,0.0,0.0,42.0,T
20200918,HT,0,9.0,39.0,13.0,15.0,2.0,0.0,2.0,23.0,13.0,0.0,0.0,5.0,3.0,0.0,4.0,1.0,1.0,1.0,54.0,T
20200918,KT,0,9.0,40.0,5.0,11.0,1.0,0.0,2.0,18.0,5.0,0.0,0.0,4.0,1.0,1.0,11.0,1.0,1.0,0.0,46.0,B
20200918,LG,0,9.0,34.0,3.0,7.0,1.0,0.0,1.0,11.0,3.0,1.0,0.0,4.0,0.0,0.0,6.0,0.0,0.0,0.0,38.0,B
20200918,LT,0,9.0,36.0,5.0,8.0,1.0,0.0,0.0,9.0,5.0,3.0,0.0,4.0,0.0,0.0,8.0,1.0,0.0,0.0,40.0,T
20200918,NC,0,9.0,31.0,9.0,8.0,0.0,1.0,1.0,13.0,9.0,1.0,1.0,5.0,2.0,0.0,6.0,0.0,2.0,0.0,40.0,T
20200918,OB,0,9.0,41.0,4.0,11.0,1.0,0.0,1.0,15.0,4.0,0.0,1.0,2.0,0.0,0.0,4.0,1.0,1.0,1.0,45.0,T
20200918,SK,0,9.0,31.0,5.0,8.0,2.0,0.0,3.0,19.0,5.0,0.0,2.0,6.0,0.0,0.0,4.0,1.0,0.0,0.0,41.0,B
20200918,SS,0,9.0,35.0,5.0,9.0,2.0,0.0,0.0,11.0,4.0,0.0,1.0,4.0,0.0,0.0,9.0,1.0,0.0,1.0,40.0,B
20200918,WO,0,9.0,31.0,0.0,4.0,2.0,0.0,0.0,6.0,0.0,1.0,0.0,3.0,0.0,0.0,9.0,0.0,0.0,0.0,34.0,B
20200919,HH,0,9.0,31.0,0.0,5.0,0.0,0.0,0.0,5.0,0.0,0.0,1.0,0.0,0.0,0.0,11.0,0.0,0.0,0.0,34.0,T
20200919,HT,0,9.0,29.0,8.0,10.0,2.0,0.0,0.0,12.0,7.0,1.0,0.0,3.0,1.0,0.0,4.0,0.0,0.0,2.0,39.0,B
20200919,KT,0,9.0,34.0,5.0,8.0,0.0,0.0,0.0,8.0,5.0,1.0,0.0,6.0,0.0,0.0,11.0,1.0,0.0,1.0,43.0,T
20200919,LG,0,9.0,40.0,9.0,18.0,1.0,0.0,2.0,25.0,9.0,2.0,0.0,3.0,1.0,0.0,6.0,2.0,1.0,2.0,47.0,T
20200919,LT,0,9.0,30.0,5.0,7.0,1.0,0.0,2.0,14.0,5.0,0.0,0.0,7.0,1.0,0.0,8.0,1.0,0.0,0.0,38.0,B
20200919,NC,0,9.0,34.0,1.0,10.0,0.0,0.0,1.0,13.0,1.0,1.0,1.0,1.0,1.0,0.0,7.0,2.0,0.0,0.0,36.0,T
20200919,OB,0,9.0,36.0,6.0,10.0,2.0,0.0,2.0,18.0,6.0,0.0,0.0,3.0,0.0,0.0,8.0,1.0,0.0,0.0,39.0,B
20200919,SK,0,9.0,30.0,0.0,3.0,0.0,0.0,0.0,3.0,0.0,0.0,0.0,4.0,0.0,0.0,6.0,1.0,0.0,0.0,41.0,B
20200919,SS,0,9.0,37.0,7.0,11.0,3.0,0.0,2.0,20.0,7.0,2.0,0.0,2.0,1.0,0.0,6.0,2.0,0.0,0.0,40.0,B
20200919,WO,0,9.0,39.0,8.0,15.0,3.0,0.0,0.0,18.0,8.0,2.0,1.0,3.0,0.0,0.0,12.0,0.0,0.0,1.0,43.0,T
20200920,HH,0,9.0,40.0,11.0,16.0,4.0,0.0,1.0,23.0,11.0,0.0,1.0,6.0,2.0,0.0,10.0,0.0,1.0,1.0,52.0,T
20200920,HT,0,9.0,33.0,3.0,9.0,1.0,0.0,1.0,13.0,3.0,0.0,0.0,4.0,0.0,0.0,7.0,1.0,0.0,1.0,42.0,B
20200920,KT,0,9.0,37.0,10.0,11.0,2.0,0.0,1.0,16.0,10.0,2.0,1.0,4.0,1.0,0.0,10.0,0.0,0.0,1.0,43.0,T
20200920,LG,0,9.0,37.0,5.0,10.0,3.0,1.0,2.0,21.0,5.0,0.0,0.0,1.0,0.0,0.0,11.0,0.0,0.0,0.0,38.0,T
20200920,LT,0,9.0,35.0,2.0,8.0,1.0,0.0,1.0,12.0,1.0,0.0,0.0,3.0,0.0,0.0,9.0,1.0,0.0,0.0,79.0,B
20200920,LT,1,9.0,36.0,2.0,11.0,0.0,0.0,0.0,11.0,2.0,0.0,0.0,5.0,0.0,0.0,8.0,2.0,0.0,0.0,66.0,B
20200920,NC,0,10.0,39.0,9.0,12.0,1.0,1.0,0.0,15.0,5.0,2.0,0.0,2.0,0.0,1.0,7.0,1.0,2.0,0.0,82.0,T
20200920,NC,1,8.0,33.0,4.0,11.0,0.0,0.0,2.0,17.0,6.0,1.0,1.0,4.0,0.0,2.0,7.0,0.0,1.0,1.0,73.0,T
20200920,OB,0,9.0,31.0,6.0,9.0,1.0,0.0,1.0,13.0,6.0,1.0,0.0,12.0,2.0,0.0,6.0,3.0,0.0,0.0,45.0,B
20200920,SK,0,9.0,28.0,2.0,3.0,1.0,0.0,0.0,4.0,1.0,0.0,0.0,3.0,0.0,0.0,4.0,3.0,0.0,0.0,36.0,B
20200920,SS,0,9.0,42.0,14.0,18.0,0.0,0.0,3.0,27.0,12.0,1.0,0.0,5.0,0.0,0.0,6.0,1.0,1.0,0.0,48.0,B
20200920,WO,0,9.0,37.0,6.0,13.0,2.0,0.0,1.0,18.0,6.0,0.0,0.0,4.0,0.0,0.0,7.0,3.0,0.0,0.0,41.0,T
20200922,HH,0,9.0,29.0,5.0,6.0,0.0,0.0,1.0,9.0,5.0,0.0,0.0,4.0,1.0,0.0,16.0,0.0,1.0,0.0,39.0,B
20200922,HT,0,9.0,30.0,0.0,4.0,0.0,0.0,0.0,4.0,0.0,0.0,0.0,3.0,0.0,0.0,8.0,1.0,0.0,0.0,36.0,B
20200922,KT,0,9.0,28.0,0.0,2.0,0.0,0.0,0.0,2.0,0.0,0.0,1.0,2.0,0.0,0.0,10.0,0.0,0.0,0.0,30.0,T
20200922,LG,0,9.0,30.0,7.0,7.0,1.0,0.0,0.0,8.0,6.0,2.0,0.0,5.0,0.0,0.0,5.0,2.0,0.0,0.0,35.0,B
20200922,LT,0,9.0,31.0,8.0,10.0,0.0,0.0,2.0,16.0,8.0,1.0,0.0,5.0,0.0,2.0,5.0,2.0,0.0,0.0,36.0,B
20200922,NC,0,9.0,30.0,3.0,6.0,1.0,0.0,0.0,7.0,2.0,1.0,0.0,4.0,2.0,0.0,4.0,1.0,0.0,0.0,36.0,B
20200922,OB,0,9.0,29.0,1.0,6.0,0.0,0.0,1.0,9.0,1.0,0.0,0.0,3.0,1.0,0.0,5.0,3.0,0.0,0.0,33.0,T
20200922,SK,0,9.0,31.0,2.0,3.0,0.0,0.0,1.0,6.0,2.0,1.0,0.0,1.0,0.0,0.0,9.0,0.0,0.0,0.0,32.0,T
20200922,SS,0,9.0,33.0,2.0,6.0,0.0,0.0,0.0,6.0,2.0,0.0,0.0,1.0,0.0,0.0,11.0,0.0,0.0,0.0,34.0,T
20200922,WO,0,9.0,32.0,2.0,5.0,1.0,0.0,0.0,6.0,2.0,0.0,0.0,3.0,0.0,0.0,3.0,0.0,0.0,0.0,35.0,T
20200923,HH,0,9.0,34.0,6.0,12.0,3.0,0.0,1.0,18.0,6.0,1.0,0.0,2.0,1.0,0.0,13.0,1.0,1.0,0.0,41.0,B
20200923,HT,0,9.0,32.0,1.0,5.0,0.0,0.0,1.0,8.0,1.0,0.0,0.0,1.0,1.0,0.0,7.0,0.0,0.0,0.0,37.0,B
20200923,KT,0,9.0,42.0,10.0,16.0,3.0,0.0,1.0,22.0,9.0,1.0,1.0,3.0,1.0,0.0,5.0,0.0,0.0,0.0,46.0,T
20200923,LG,0,9.0,31.0,6.0,10.0,2.0,0.0,1.0,15.0,6.0,0.0,1.0,1.0,0.0,0.0,6.0,0.0,0.0,1.0,33.0,B
20200923,LT,0,9.0,33.0,5.0,9.0,1.0,0.0,1.0,13.0,4.0,0.0,0.0,8.0,0.0,0.0,7.0,3.0,0.0,0.0,41.0,B
20200923,NC,0,9.0,30.0,8.0,10.0,1.0,0.0,1.0,14.0,8.0,0.0,1.0,5.0,0.0,0.0,7.0,2.0,0.0,1.0,36.0,B
20200923,OB,0,9.0,37.0,5.0,11.0,5.0,0.0,0.0,16.0,5.0,0.0,0.0,5.0,0.0,0.0,6.0,0.0,0.0,1.0,43.0,T
20200923,SK,0,9.0,33.0,2.0,8.0,3.0,0.0,0.0,11.0,2.0,0.0,0.0,1.0,0.0,0.0,10.0,0.0,0.0,2.0,37.0,T
20200923,SS,0,9.0,36.0,7.0,10.0,2.0,1.0,1.0,17.0,5.0,2.0,0.0,2.0,0.0,0.0,11.0,0.0,0.0,1.0,39.0,T
20200923,WO,0,9.0,42.0,13.0,17.0,3.0,2.0,2.0,30.0,13.0,0.0,0.0,4.0,1.0,0.0,6.0,1.0,0.0,1.0,48.0,T
